CREATE DATABASE  IF NOT EXISTS `grupo3` /*!40100 DEFAULT CHARACTER SET utf8mb4 COLLATE utf8mb4_0900_ai_ci */ /*!80016 DEFAULT ENCRYPTION='N' */;
USE `grupo3`;
-- MySQL dump 10.13  Distrib 8.0.31, for Win64 (x86_64)
--
-- Host: localhost    Database: grupo3
-- ------------------------------------------------------
-- Server version	8.0.31

/*!40101 SET @OLD_CHARACTER_SET_CLIENT=@@CHARACTER_SET_CLIENT */;
/*!40101 SET @OLD_CHARACTER_SET_RESULTS=@@CHARACTER_SET_RESULTS */;
/*!40101 SET @OLD_COLLATION_CONNECTION=@@COLLATION_CONNECTION */;
/*!50503 SET NAMES utf8 */;
/*!40103 SET @OLD_TIME_ZONE=@@TIME_ZONE */;
/*!40103 SET TIME_ZONE='+00:00' */;
/*!40014 SET @OLD_UNIQUE_CHECKS=@@UNIQUE_CHECKS, UNIQUE_CHECKS=0 */;
/*!40014 SET @OLD_FOREIGN_KEY_CHECKS=@@FOREIGN_KEY_CHECKS, FOREIGN_KEY_CHECKS=0 */;
/*!40101 SET @OLD_SQL_MODE=@@SQL_MODE, SQL_MODE='NO_AUTO_VALUE_ON_ZERO' */;
/*!40111 SET @OLD_SQL_NOTES=@@SQL_NOTES, SQL_NOTES=0 */;

--
-- Table structure for table `asignaciones_aulas`
--

DROP TABLE IF EXISTS `asignaciones_aulas`;
/*!40101 SET @saved_cs_client     = @@character_set_client */;
/*!50503 SET character_set_client = utf8mb4 */;
CREATE TABLE `asignaciones_aulas` (
  `materia_id` int NOT NULL,
  `aula_id` int NOT NULL,
  KEY `FKdo1esk9iis03act6873a94ap` (`aula_id`),
  KEY `FKquqdx91aksvqmlupvpygcb6qr` (`materia_id`),
  CONSTRAINT `FKdo1esk9iis03act6873a94ap` FOREIGN KEY (`aula_id`) REFERENCES `aula` (`id`),
  CONSTRAINT `FKquqdx91aksvqmlupvpygcb6qr` FOREIGN KEY (`materia_id`) REFERENCES `materia` (`id`)
) ENGINE=InnoDB DEFAULT CHARSET=utf8mb4 COLLATE=utf8mb4_0900_ai_ci;
/*!40101 SET character_set_client = @saved_cs_client */;

--
-- Dumping data for table `asignaciones_aulas`
--

LOCK TABLES `asignaciones_aulas` WRITE;
/*!40000 ALTER TABLE `asignaciones_aulas` DISABLE KEYS */;
INSERT INTO `asignaciones_aulas` VALUES (1,22),(1,23),(2,14),(3,15),(3,16),(4,17),(5,18),(6,19),(7,12),(8,20),(8,21),(9,1),(10,3),(11,13),(12,4),(13,5),(14,6),(15,7),(16,8),(17,9),(19,10);
/*!40000 ALTER TABLE `asignaciones_aulas` ENABLE KEYS */;
UNLOCK TABLES;

--
-- Table structure for table `aula`
--

DROP TABLE IF EXISTS `aula`;
/*!40101 SET @saved_cs_client     = @@character_set_client */;
/*!50503 SET character_set_client = utf8mb4 */;
CREATE TABLE `aula` (
  `id` int NOT NULL AUTO_INCREMENT,
  `numero` int NOT NULL,
  `ocupada` bit(1) NOT NULL,
  `edificio_id` int DEFAULT NULL,
  PRIMARY KEY (`id`),
  KEY `FK1dktox2l21denb9gugmps5mxi` (`edificio_id`),
  CONSTRAINT `FK1dktox2l21denb9gugmps5mxi` FOREIGN KEY (`edificio_id`) REFERENCES `edificio` (`id`)
) ENGINE=InnoDB AUTO_INCREMENT=24 DEFAULT CHARSET=utf8mb4 COLLATE=utf8mb4_0900_ai_ci;
/*!40101 SET character_set_client = @saved_cs_client */;

--
-- Dumping data for table `aula`
--

LOCK TABLES `aula` WRITE;
/*!40000 ALTER TABLE `aula` DISABLE KEYS */;
INSERT INTO `aula` VALUES (1,1,_binary '',3),(3,2,_binary '',3),(4,3,_binary '',3),(5,4,_binary '',3),(6,5,_binary '',3),(7,6,_binary '',3),(8,7,_binary '',3),(9,8,_binary '',3),(10,9,_binary '',3),(11,10,_binary '\0',3),(12,1,_binary '',1),(13,2,_binary '',1),(14,1,_binary '',2),(15,2,_binary '',2),(16,3,_binary '',2),(17,4,_binary '',2),(18,5,_binary '',2),(19,6,_binary '',2),(20,7,_binary '',2),(21,8,_binary '',2),(22,9,_binary '',2),(23,10,_binary '',2);
/*!40000 ALTER TABLE `aula` ENABLE KEYS */;
UNLOCK TABLES;

--
-- Table structure for table `carrera`
--

DROP TABLE IF EXISTS `carrera`;
/*!40101 SET @saved_cs_client     = @@character_set_client */;
/*!50503 SET character_set_client = utf8mb4 */;
CREATE TABLE `carrera` (
  `id` int NOT NULL AUTO_INCREMENT,
  `carrera` varchar(255) NOT NULL,
  `departamento_id` int DEFAULT NULL,
  PRIMARY KEY (`id`),
  KEY `FKlxfyjkntg9sy77n7m4m0p0lbe` (`departamento_id`),
  CONSTRAINT `FKlxfyjkntg9sy77n7m4m0p0lbe` FOREIGN KEY (`departamento_id`) REFERENCES `departamento` (`id`)
) ENGINE=InnoDB AUTO_INCREMENT=2 DEFAULT CHARSET=utf8mb4 COLLATE=utf8mb4_0900_ai_ci;
/*!40101 SET character_set_client = @saved_cs_client */;

--
-- Dumping data for table `carrera`
--

LOCK TABLES `carrera` WRITE;
/*!40000 ALTER TABLE `carrera` DISABLE KEYS */;
INSERT INTO `carrera` VALUES (1,'Licenciatura en Sistemas',1);
/*!40000 ALTER TABLE `carrera` ENABLE KEYS */;
UNLOCK TABLES;

--
-- Table structure for table `departamento`
--

DROP TABLE IF EXISTS `departamento`;
/*!40101 SET @saved_cs_client     = @@character_set_client */;
/*!50503 SET character_set_client = utf8mb4 */;
CREATE TABLE `departamento` (
  `id` int NOT NULL AUTO_INCREMENT,
  `nombre` varchar(255) NOT NULL,
  PRIMARY KEY (`id`)
) ENGINE=InnoDB AUTO_INCREMENT=2 DEFAULT CHARSET=utf8mb4 COLLATE=utf8mb4_0900_ai_ci;
/*!40101 SET character_set_client = @saved_cs_client */;

--
-- Dumping data for table `departamento`
--

LOCK TABLES `departamento` WRITE;
/*!40000 ALTER TABLE `departamento` DISABLE KEYS */;
INSERT INTO `departamento` VALUES (1,'Departamento de Desarrollo Productivo y Tecnológico');
/*!40000 ALTER TABLE `departamento` ENABLE KEYS */;
UNLOCK TABLES;

--
-- Table structure for table `docente`
--

DROP TABLE IF EXISTS `docente`;
/*!40101 SET @saved_cs_client     = @@character_set_client */;
/*!50503 SET character_set_client = utf8mb4 */;
CREATE TABLE `docente` (
  `id` int NOT NULL AUTO_INCREMENT,
  `apellido` varchar(255) NOT NULL,
  `documento` bigint DEFAULT NULL,
  `nombre` varchar(255) NOT NULL,
  `tipo_doc` varchar(255) DEFAULT NULL,
  PRIMARY KEY (`id`),
  UNIQUE KEY `UK_efjbyhqj0muv5u58m5v53rtf2` (`documento`)
) ENGINE=InnoDB DEFAULT CHARSET=utf8mb4 COLLATE=utf8mb4_0900_ai_ci;
/*!40101 SET character_set_client = @saved_cs_client */;

--
-- Dumping data for table `docente`
--

LOCK TABLES `docente` WRITE;
/*!40000 ALTER TABLE `docente` DISABLE KEYS */;
/*!40000 ALTER TABLE `docente` ENABLE KEYS */;
UNLOCK TABLES;

--
-- Table structure for table `edificio`
--

DROP TABLE IF EXISTS `edificio`;
/*!40101 SET @saved_cs_client     = @@character_set_client */;
/*!50503 SET character_set_client = utf8mb4 */;
CREATE TABLE `edificio` (
  `id` int NOT NULL AUTO_INCREMENT,
  `nombre` varchar(255) NOT NULL,
  PRIMARY KEY (`id`)
) ENGINE=InnoDB AUTO_INCREMENT=4 DEFAULT CHARSET=utf8mb4 COLLATE=utf8mb4_0900_ai_ci;
/*!40101 SET character_set_client = @saved_cs_client */;

--
-- Dumping data for table `edificio`
--

LOCK TABLES `edificio` WRITE;
/*!40000 ALTER TABLE `edificio` DISABLE KEYS */;
INSERT INTO `edificio` VALUES (1,'Scalabrini Ortiz'),(2,'Arturo Jauretche'),(3,'Manuel Ugarte');
/*!40000 ALTER TABLE `edificio` ENABLE KEYS */;
UNLOCK TABLES;

--
-- Table structure for table `estudiante`
--

DROP TABLE IF EXISTS `estudiante`;
/*!40101 SET @saved_cs_client     = @@character_set_client */;
/*!50503 SET character_set_client = utf8mb4 */;
CREATE TABLE `estudiante` (
  `id_usuario` int NOT NULL AUTO_INCREMENT,
  `apellido` varchar(255) NOT NULL,
  `clave` varchar(60) NOT NULL,
  `documento` bigint NOT NULL,
  `email` varchar(255) NOT NULL,
  `habilitado` bit(1) DEFAULT NULL,
  `nombre` varchar(255) NOT NULL,
  `nombre_usuario` varchar(45) NOT NULL,
  `tipo_doc` varchar(5) NOT NULL,
  `id_perfil` int NOT NULL,
  PRIMARY KEY (`id_usuario`),
  UNIQUE KEY `UK_sqdsrgo7yd5nlfxh382v44rj9` (`documento`),
  UNIQUE KEY `UK_puhr3k3l7bj71hb7hk7ktpxn0` (`nombre_usuario`),
  KEY `FK131gkl0dt1966rsw6dmesnsxw` (`id_perfil`),
  CONSTRAINT `FK131gkl0dt1966rsw6dmesnsxw` FOREIGN KEY (`id_perfil`) REFERENCES `perfil` (`id_perfil`)
) ENGINE=InnoDB AUTO_INCREMENT=1101 DEFAULT CHARSET=utf8mb4 COLLATE=utf8mb4_0900_ai_ci;
/*!40101 SET character_set_client = @saved_cs_client */;

--
-- Dumping data for table `estudiante`
--

LOCK TABLES `estudiante` WRITE;
/*!40000 ALTER TABLE `estudiante` DISABLE KEYS */;
INSERT INTO `estudiante` VALUES (1,'admin','$2a$10$CS9FgNvM/t9./dd5QKnIYeCT1jV1BD89guGl3zM5kkn2ozGwT88lC',12345678,'admin@admin',_binary '','admin','admin','DNI',1),(2,'ponce','$2a$10$vO4tz47WCzmtmsNyBv8dAune.h3M67t/.XuFdHmGJPrZ9Sm1wK3Le',42222222,'franco@franco.com',_binary '','franco','franco','DNI',2),(3,'usuario3','$2a$10$8k29Uvv4/W6mNmBqJfAW0.3ljT6YAiVy9FHDvkcOb2yWxwIIGzcMi',33333333,'usuario3@gmail.com',_binary '','usuario3','usuario3','DNI',2),(4,'usuario4','$2a$10$8k29Uvv4/W6mNmBqJfAW0.3ljT6YAiVy9FHDvkcOb2yWxwIIGzcMi',44444444,'usuario4@gmail.com',_binary '','usuario4','usuario4','DNI',2),(5,'usuario5','$2a$10$8k29Uvv4/W6mNmBqJfAW0.3ljT6YAiVy9FHDvkcOb2yWxwIIGzcMi',55555555,'usuario5@gmail.com',_binary '','usuario5','usuario5','DNI',2),(6,'usuario6','$2a$10$8k29Uvv4/W6mNmBqJfAW0.3ljT6YAiVy9FHDvkcOb2yWxwIIGzcMi',66666666,'usuario6@gmail.com',_binary '','usuario6','usuario6','DNI',2),(7,'usuario7','$2a$10$8k29Uvv4/W6mNmBqJfAW0.3ljT6YAiVy9FHDvkcOb2yWxwIIGzcMi',77777777,'usuario7@gmail.com',_binary '','usuario7','usuario7','DNI',2),(8,'usuario8','$2a$10$8k29Uvv4/W6mNmBqJfAW0.3ljT6YAiVy9FHDvkcOb2yWxwIIGzcMi',88888888,'usuario8@gmail.com',_binary '','usuario8','usuario8','DNI',2),(9,'usuario9','$2a$10$8k29Uvv4/W6mNmBqJfAW0.3ljT6YAiVy9FHDvkcOb2yWxwIIGzcMi',99999999,'usuario9@gmail.com',_binary '','usuario9','usuario9','DNI',2),(10,'usuario10','$2a$10$8k29Uvv4/W6mNmBqJfAW0.3ljT6YAiVy9FHDvkcOb2yWxwIIGzcMi',10000010,'usuario10@gmail.com',_binary '','usuario10','usuario10','DNI',2),(11,'usuario11','$2a$10$8k29Uvv4/W6mNmBqJfAW0.3ljT6YAiVy9FHDvkcOb2yWxwIIGzcMi',10000011,'usuario11@gmail.com',_binary '','usuario11','usuario11','DNI',2),(12,'usuario12','$2a$10$8k29Uvv4/W6mNmBqJfAW0.3ljT6YAiVy9FHDvkcOb2yWxwIIGzcMi',10000012,'usuario12@gmail.com',_binary '','usuario12','usuario12','DNI',2),(13,'usuario13','$2a$10$8k29Uvv4/W6mNmBqJfAW0.3ljT6YAiVy9FHDvkcOb2yWxwIIGzcMi',10000013,'usuario13@gmail.com',_binary '','usuario13','usuario13','DNI',2),(14,'usuario14','$2a$10$8k29Uvv4/W6mNmBqJfAW0.3ljT6YAiVy9FHDvkcOb2yWxwIIGzcMi',10000014,'usuario14@gmail.com',_binary '','usuario14','usuario14','DNI',2),(15,'usuario15','$2a$10$8k29Uvv4/W6mNmBqJfAW0.3ljT6YAiVy9FHDvkcOb2yWxwIIGzcMi',10000015,'usuario15@gmail.com',_binary '','usuario15','usuario15','DNI',2),(16,'usuario16','$2a$10$8k29Uvv4/W6mNmBqJfAW0.3ljT6YAiVy9FHDvkcOb2yWxwIIGzcMi',10000016,'usuario16@gmail.com',_binary '','usuario16','usuario16','DNI',2),(17,'usuario17','$2a$10$8k29Uvv4/W6mNmBqJfAW0.3ljT6YAiVy9FHDvkcOb2yWxwIIGzcMi',10000017,'usuario17@gmail.com',_binary '','usuario17','usuario17','DNI',2),(18,'usuario18','$2a$10$8k29Uvv4/W6mNmBqJfAW0.3ljT6YAiVy9FHDvkcOb2yWxwIIGzcMi',10000018,'usuario18@gmail.com',_binary '','usuario18','usuario18','DNI',2),(19,'usuario19','$2a$10$8k29Uvv4/W6mNmBqJfAW0.3ljT6YAiVy9FHDvkcOb2yWxwIIGzcMi',10000019,'usuario19@gmail.com',_binary '','usuario19','usuario19','DNI',2),(20,'usuario20','$2a$10$8k29Uvv4/W6mNmBqJfAW0.3ljT6YAiVy9FHDvkcOb2yWxwIIGzcMi',10000020,'usuario20@gmail.com',_binary '','usuario20','usuario20','DNI',2),(21,'usuario21','$2a$10$8k29Uvv4/W6mNmBqJfAW0.3ljT6YAiVy9FHDvkcOb2yWxwIIGzcMi',10000021,'usuario21@gmail.com',_binary '','usuario21','usuario21','DNI',2),(22,'usuario22','$2a$10$8k29Uvv4/W6mNmBqJfAW0.3ljT6YAiVy9FHDvkcOb2yWxwIIGzcMi',10000022,'usuario22@gmail.com',_binary '','usuario22','usuario22','DNI',2),(23,'usuario23','$2a$10$8k29Uvv4/W6mNmBqJfAW0.3ljT6YAiVy9FHDvkcOb2yWxwIIGzcMi',10000023,'usuario23@gmail.com',_binary '','usuario23','usuario23','DNI',2),(24,'usuario24','$2a$10$8k29Uvv4/W6mNmBqJfAW0.3ljT6YAiVy9FHDvkcOb2yWxwIIGzcMi',10000024,'usuario24@gmail.com',_binary '','usuario24','usuario24','DNI',2),(25,'usuario25','$2a$10$8k29Uvv4/W6mNmBqJfAW0.3ljT6YAiVy9FHDvkcOb2yWxwIIGzcMi',10000025,'usuario25@gmail.com',_binary '','usuario25','usuario25','DNI',2),(26,'usuario26','$2a$10$8k29Uvv4/W6mNmBqJfAW0.3ljT6YAiVy9FHDvkcOb2yWxwIIGzcMi',10000026,'usuario26@gmail.com',_binary '','usuario26','usuario26','DNI',2),(27,'usuario27','$2a$10$8k29Uvv4/W6mNmBqJfAW0.3ljT6YAiVy9FHDvkcOb2yWxwIIGzcMi',10000027,'usuario27@gmail.com',_binary '','usuario27','usuario27','DNI',2),(28,'usuario28','$2a$10$8k29Uvv4/W6mNmBqJfAW0.3ljT6YAiVy9FHDvkcOb2yWxwIIGzcMi',10000028,'usuario28@gmail.com',_binary '','usuario28','usuario28','DNI',2),(29,'usuario29','$2a$10$8k29Uvv4/W6mNmBqJfAW0.3ljT6YAiVy9FHDvkcOb2yWxwIIGzcMi',10000029,'usuario29@gmail.com',_binary '','usuario29','usuario29','DNI',2),(30,'usuario30','$2a$10$8k29Uvv4/W6mNmBqJfAW0.3ljT6YAiVy9FHDvkcOb2yWxwIIGzcMi',10000030,'usuario30@gmail.com',_binary '','usuario30','usuario30','DNI',2),(31,'usuario31','$2a$10$8k29Uvv4/W6mNmBqJfAW0.3ljT6YAiVy9FHDvkcOb2yWxwIIGzcMi',10000031,'usuario31@gmail.com',_binary '','usuario31','usuario31','DNI',2),(32,'usuario32','$2a$10$8k29Uvv4/W6mNmBqJfAW0.3ljT6YAiVy9FHDvkcOb2yWxwIIGzcMi',10000032,'usuario32@gmail.com',_binary '','usuario32','usuario32','DNI',2),(33,'usuario33','$2a$10$8k29Uvv4/W6mNmBqJfAW0.3ljT6YAiVy9FHDvkcOb2yWxwIIGzcMi',10000033,'usuario33@gmail.com',_binary '','usuario33','usuario33','DNI',2),(34,'usuario34','$2a$10$8k29Uvv4/W6mNmBqJfAW0.3ljT6YAiVy9FHDvkcOb2yWxwIIGzcMi',10000034,'usuario34@gmail.com',_binary '','usuario34','usuario34','DNI',2),(35,'usuario35','$2a$10$8k29Uvv4/W6mNmBqJfAW0.3ljT6YAiVy9FHDvkcOb2yWxwIIGzcMi',10000035,'usuario35@gmail.com',_binary '','usuario35','usuario35','DNI',2),(36,'usuario36','$2a$10$8k29Uvv4/W6mNmBqJfAW0.3ljT6YAiVy9FHDvkcOb2yWxwIIGzcMi',10000036,'usuario36@gmail.com',_binary '','usuario36','usuario36','DNI',2),(37,'usuario37','$2a$10$8k29Uvv4/W6mNmBqJfAW0.3ljT6YAiVy9FHDvkcOb2yWxwIIGzcMi',10000037,'usuario37@gmail.com',_binary '','usuario37','usuario37','DNI',2),(38,'usuario38','$2a$10$8k29Uvv4/W6mNmBqJfAW0.3ljT6YAiVy9FHDvkcOb2yWxwIIGzcMi',10000038,'usuario38@gmail.com',_binary '','usuario38','usuario38','DNI',2),(39,'usuario39','$2a$10$8k29Uvv4/W6mNmBqJfAW0.3ljT6YAiVy9FHDvkcOb2yWxwIIGzcMi',10000039,'usuario39@gmail.com',_binary '','usuario39','usuario39','DNI',2),(40,'usuario40','$2a$10$8k29Uvv4/W6mNmBqJfAW0.3ljT6YAiVy9FHDvkcOb2yWxwIIGzcMi',10000040,'usuario40@gmail.com',_binary '','usuario40','usuario40','DNI',2),(41,'usuario41','$2a$10$8k29Uvv4/W6mNmBqJfAW0.3ljT6YAiVy9FHDvkcOb2yWxwIIGzcMi',10000041,'usuario41@gmail.com',_binary '','usuario41','usuario41','DNI',2),(42,'usuario42','$2a$10$8k29Uvv4/W6mNmBqJfAW0.3ljT6YAiVy9FHDvkcOb2yWxwIIGzcMi',10000042,'usuario42@gmail.com',_binary '','usuario42','usuario42','DNI',2),(43,'usuario43','$2a$10$8k29Uvv4/W6mNmBqJfAW0.3ljT6YAiVy9FHDvkcOb2yWxwIIGzcMi',10000043,'usuario43@gmail.com',_binary '','usuario43','usuario43','DNI',2),(44,'usuario44','$2a$10$8k29Uvv4/W6mNmBqJfAW0.3ljT6YAiVy9FHDvkcOb2yWxwIIGzcMi',10000044,'usuario44@gmail.com',_binary '','usuario44','usuario44','DNI',2),(45,'usuario45','$2a$10$8k29Uvv4/W6mNmBqJfAW0.3ljT6YAiVy9FHDvkcOb2yWxwIIGzcMi',10000045,'usuario45@gmail.com',_binary '','usuario45','usuario45','DNI',2),(46,'usuario46','$2a$10$8k29Uvv4/W6mNmBqJfAW0.3ljT6YAiVy9FHDvkcOb2yWxwIIGzcMi',10000046,'usuario46@gmail.com',_binary '','usuario46','usuario46','DNI',2),(47,'usuario47','$2a$10$8k29Uvv4/W6mNmBqJfAW0.3ljT6YAiVy9FHDvkcOb2yWxwIIGzcMi',10000047,'usuario47@gmail.com',_binary '','usuario47','usuario47','DNI',2),(48,'usuario48','$2a$10$8k29Uvv4/W6mNmBqJfAW0.3ljT6YAiVy9FHDvkcOb2yWxwIIGzcMi',10000048,'usuario48@gmail.com',_binary '','usuario48','usuario48','DNI',2),(49,'usuario49','$2a$10$8k29Uvv4/W6mNmBqJfAW0.3ljT6YAiVy9FHDvkcOb2yWxwIIGzcMi',10000049,'usuario49@gmail.com',_binary '','usuario49','usuario49','DNI',2),(50,'usuario50','$2a$10$8k29Uvv4/W6mNmBqJfAW0.3ljT6YAiVy9FHDvkcOb2yWxwIIGzcMi',10000050,'usuario50@gmail.com',_binary '','usuario50','usuario50','DNI',2),(51,'usuario51','$2a$10$8k29Uvv4/W6mNmBqJfAW0.3ljT6YAiVy9FHDvkcOb2yWxwIIGzcMi',10000051,'usuario51@gmail.com',_binary '','usuario51','usuario51','DNI',2),(52,'usuario52','$2a$10$8k29Uvv4/W6mNmBqJfAW0.3ljT6YAiVy9FHDvkcOb2yWxwIIGzcMi',10000052,'usuario52@gmail.com',_binary '','usuario52','usuario52','DNI',2),(53,'usuario53','$2a$10$8k29Uvv4/W6mNmBqJfAW0.3ljT6YAiVy9FHDvkcOb2yWxwIIGzcMi',10000053,'usuario53@gmail.com',_binary '','usuario53','usuario53','DNI',2),(54,'usuario54','$2a$10$8k29Uvv4/W6mNmBqJfAW0.3ljT6YAiVy9FHDvkcOb2yWxwIIGzcMi',10000054,'usuario54@gmail.com',_binary '','usuario54','usuario54','DNI',2),(55,'usuario55','$2a$10$8k29Uvv4/W6mNmBqJfAW0.3ljT6YAiVy9FHDvkcOb2yWxwIIGzcMi',10000055,'usuario55@gmail.com',_binary '','usuario55','usuario55','DNI',2),(56,'usuario56','$2a$10$8k29Uvv4/W6mNmBqJfAW0.3ljT6YAiVy9FHDvkcOb2yWxwIIGzcMi',10000056,'usuario56@gmail.com',_binary '','usuario56','usuario56','DNI',2),(57,'usuario57','$2a$10$8k29Uvv4/W6mNmBqJfAW0.3ljT6YAiVy9FHDvkcOb2yWxwIIGzcMi',10000057,'usuario57@gmail.com',_binary '','usuario57','usuario57','DNI',2),(58,'usuario58','$2a$10$8k29Uvv4/W6mNmBqJfAW0.3ljT6YAiVy9FHDvkcOb2yWxwIIGzcMi',10000058,'usuario58@gmail.com',_binary '','usuario58','usuario58','DNI',2),(59,'usuario59','$2a$10$8k29Uvv4/W6mNmBqJfAW0.3ljT6YAiVy9FHDvkcOb2yWxwIIGzcMi',10000059,'usuario59@gmail.com',_binary '','usuario59','usuario59','DNI',2),(60,'usuario60','$2a$10$8k29Uvv4/W6mNmBqJfAW0.3ljT6YAiVy9FHDvkcOb2yWxwIIGzcMi',10000060,'usuario60@gmail.com',_binary '','usuario60','usuario60','DNI',2),(61,'usuario61','$2a$10$8k29Uvv4/W6mNmBqJfAW0.3ljT6YAiVy9FHDvkcOb2yWxwIIGzcMi',10000061,'usuario61@gmail.com',_binary '','usuario61','usuario61','DNI',2),(62,'usuario62','$2a$10$8k29Uvv4/W6mNmBqJfAW0.3ljT6YAiVy9FHDvkcOb2yWxwIIGzcMi',10000062,'usuario62@gmail.com',_binary '','usuario62','usuario62','DNI',2),(63,'usuario63','$2a$10$8k29Uvv4/W6mNmBqJfAW0.3ljT6YAiVy9FHDvkcOb2yWxwIIGzcMi',10000063,'usuario63@gmail.com',_binary '','usuario63','usuario63','DNI',2),(64,'usuario64','$2a$10$8k29Uvv4/W6mNmBqJfAW0.3ljT6YAiVy9FHDvkcOb2yWxwIIGzcMi',10000064,'usuario64@gmail.com',_binary '','usuario64','usuario64','DNI',2),(65,'usuario65','$2a$10$8k29Uvv4/W6mNmBqJfAW0.3ljT6YAiVy9FHDvkcOb2yWxwIIGzcMi',10000065,'usuario65@gmail.com',_binary '','usuario65','usuario65','DNI',2),(66,'usuario66','$2a$10$8k29Uvv4/W6mNmBqJfAW0.3ljT6YAiVy9FHDvkcOb2yWxwIIGzcMi',10000066,'usuario66@gmail.com',_binary '','usuario66','usuario66','DNI',2),(67,'usuario67','$2a$10$8k29Uvv4/W6mNmBqJfAW0.3ljT6YAiVy9FHDvkcOb2yWxwIIGzcMi',10000067,'usuario67@gmail.com',_binary '','usuario67','usuario67','DNI',2),(68,'usuario68','$2a$10$8k29Uvv4/W6mNmBqJfAW0.3ljT6YAiVy9FHDvkcOb2yWxwIIGzcMi',10000068,'usuario68@gmail.com',_binary '','usuario68','usuario68','DNI',2),(69,'usuario69','$2a$10$8k29Uvv4/W6mNmBqJfAW0.3ljT6YAiVy9FHDvkcOb2yWxwIIGzcMi',10000069,'usuario69@gmail.com',_binary '','usuario69','usuario69','DNI',2),(70,'usuario70','$2a$10$8k29Uvv4/W6mNmBqJfAW0.3ljT6YAiVy9FHDvkcOb2yWxwIIGzcMi',10000070,'usuario70@gmail.com',_binary '','usuario70','usuario70','DNI',2),(71,'usuario71','$2a$10$8k29Uvv4/W6mNmBqJfAW0.3ljT6YAiVy9FHDvkcOb2yWxwIIGzcMi',10000071,'usuario71@gmail.com',_binary '','usuario71','usuario71','DNI',2),(72,'usuario72','$2a$10$8k29Uvv4/W6mNmBqJfAW0.3ljT6YAiVy9FHDvkcOb2yWxwIIGzcMi',10000072,'usuario72@gmail.com',_binary '','usuario72','usuario72','DNI',2),(73,'usuario73','$2a$10$8k29Uvv4/W6mNmBqJfAW0.3ljT6YAiVy9FHDvkcOb2yWxwIIGzcMi',10000073,'usuario73@gmail.com',_binary '','usuario73','usuario73','DNI',2),(74,'usuario74','$2a$10$8k29Uvv4/W6mNmBqJfAW0.3ljT6YAiVy9FHDvkcOb2yWxwIIGzcMi',10000074,'usuario74@gmail.com',_binary '','usuario74','usuario74','DNI',2),(75,'usuario75','$2a$10$8k29Uvv4/W6mNmBqJfAW0.3ljT6YAiVy9FHDvkcOb2yWxwIIGzcMi',10000075,'usuario75@gmail.com',_binary '','usuario75','usuario75','DNI',2),(76,'usuario76','$2a$10$8k29Uvv4/W6mNmBqJfAW0.3ljT6YAiVy9FHDvkcOb2yWxwIIGzcMi',10000076,'usuario76@gmail.com',_binary '','usuario76','usuario76','DNI',2),(77,'usuario77','$2a$10$8k29Uvv4/W6mNmBqJfAW0.3ljT6YAiVy9FHDvkcOb2yWxwIIGzcMi',10000077,'usuario77@gmail.com',_binary '','usuario77','usuario77','DNI',2),(78,'usuario78','$2a$10$8k29Uvv4/W6mNmBqJfAW0.3ljT6YAiVy9FHDvkcOb2yWxwIIGzcMi',10000078,'usuario78@gmail.com',_binary '','usuario78','usuario78','DNI',2),(79,'usuario79','$2a$10$8k29Uvv4/W6mNmBqJfAW0.3ljT6YAiVy9FHDvkcOb2yWxwIIGzcMi',10000079,'usuario79@gmail.com',_binary '','usuario79','usuario79','DNI',2),(80,'usuario80','$2a$10$8k29Uvv4/W6mNmBqJfAW0.3ljT6YAiVy9FHDvkcOb2yWxwIIGzcMi',10000080,'usuario80@gmail.com',_binary '','usuario80','usuario80','DNI',2),(81,'usuario81','$2a$10$8k29Uvv4/W6mNmBqJfAW0.3ljT6YAiVy9FHDvkcOb2yWxwIIGzcMi',10000081,'usuario81@gmail.com',_binary '','usuario81','usuario81','DNI',2),(82,'usuario82','$2a$10$8k29Uvv4/W6mNmBqJfAW0.3ljT6YAiVy9FHDvkcOb2yWxwIIGzcMi',10000082,'usuario82@gmail.com',_binary '','usuario82','usuario82','DNI',2),(83,'usuario83','$2a$10$8k29Uvv4/W6mNmBqJfAW0.3ljT6YAiVy9FHDvkcOb2yWxwIIGzcMi',10000083,'usuario83@gmail.com',_binary '','usuario83','usuario83','DNI',2),(84,'usuario84','$2a$10$8k29Uvv4/W6mNmBqJfAW0.3ljT6YAiVy9FHDvkcOb2yWxwIIGzcMi',10000084,'usuario84@gmail.com',_binary '','usuario84','usuario84','DNI',2),(85,'usuario85','$2a$10$8k29Uvv4/W6mNmBqJfAW0.3ljT6YAiVy9FHDvkcOb2yWxwIIGzcMi',10000085,'usuario85@gmail.com',_binary '','usuario85','usuario85','DNI',2),(86,'usuario86','$2a$10$8k29Uvv4/W6mNmBqJfAW0.3ljT6YAiVy9FHDvkcOb2yWxwIIGzcMi',10000086,'usuario86@gmail.com',_binary '','usuario86','usuario86','DNI',2),(87,'usuario87','$2a$10$8k29Uvv4/W6mNmBqJfAW0.3ljT6YAiVy9FHDvkcOb2yWxwIIGzcMi',10000087,'usuario87@gmail.com',_binary '','usuario87','usuario87','DNI',2),(88,'usuario88','$2a$10$8k29Uvv4/W6mNmBqJfAW0.3ljT6YAiVy9FHDvkcOb2yWxwIIGzcMi',10000088,'usuario88@gmail.com',_binary '','usuario88','usuario88','DNI',2),(89,'usuario89','$2a$10$8k29Uvv4/W6mNmBqJfAW0.3ljT6YAiVy9FHDvkcOb2yWxwIIGzcMi',10000089,'usuario89@gmail.com',_binary '','usuario89','usuario89','DNI',2),(90,'usuario90','$2a$10$8k29Uvv4/W6mNmBqJfAW0.3ljT6YAiVy9FHDvkcOb2yWxwIIGzcMi',10000090,'usuario90@gmail.com',_binary '','usuario90','usuario90','DNI',2),(91,'usuario91','$2a$10$8k29Uvv4/W6mNmBqJfAW0.3ljT6YAiVy9FHDvkcOb2yWxwIIGzcMi',10000091,'usuario91@gmail.com',_binary '','usuario91','usuario91','DNI',2),(92,'usuario92','$2a$10$8k29Uvv4/W6mNmBqJfAW0.3ljT6YAiVy9FHDvkcOb2yWxwIIGzcMi',10000092,'usuario92@gmail.com',_binary '','usuario92','usuario92','DNI',2),(93,'usuario93','$2a$10$8k29Uvv4/W6mNmBqJfAW0.3ljT6YAiVy9FHDvkcOb2yWxwIIGzcMi',10000093,'usuario93@gmail.com',_binary '','usuario93','usuario93','DNI',2),(94,'usuario94','$2a$10$8k29Uvv4/W6mNmBqJfAW0.3ljT6YAiVy9FHDvkcOb2yWxwIIGzcMi',10000094,'usuario94@gmail.com',_binary '','usuario94','usuario94','DNI',2),(95,'usuario95','$2a$10$8k29Uvv4/W6mNmBqJfAW0.3ljT6YAiVy9FHDvkcOb2yWxwIIGzcMi',10000095,'usuario95@gmail.com',_binary '','usuario95','usuario95','DNI',2),(96,'usuario96','$2a$10$8k29Uvv4/W6mNmBqJfAW0.3ljT6YAiVy9FHDvkcOb2yWxwIIGzcMi',10000096,'usuario96@gmail.com',_binary '','usuario96','usuario96','DNI',2),(97,'usuario97','$2a$10$8k29Uvv4/W6mNmBqJfAW0.3ljT6YAiVy9FHDvkcOb2yWxwIIGzcMi',10000097,'usuario97@gmail.com',_binary '','usuario97','usuario97','DNI',2),(98,'usuario98','$2a$10$8k29Uvv4/W6mNmBqJfAW0.3ljT6YAiVy9FHDvkcOb2yWxwIIGzcMi',10000098,'usuario98@gmail.com',_binary '','usuario98','usuario98','DNI',2),(99,'usuario99','$2a$10$8k29Uvv4/W6mNmBqJfAW0.3ljT6YAiVy9FHDvkcOb2yWxwIIGzcMi',10000099,'usuario99@gmail.com',_binary '','usuario99','usuario99','DNI',2),(100,'usuario100','$2a$10$8k29Uvv4/W6mNmBqJfAW0.3ljT6YAiVy9FHDvkcOb2yWxwIIGzcMi',10000100,'usuario100@gmail.com',_binary '','usuario100','usuario100','DNI',2),(101,'usuario101','$2a$10$8k29Uvv4/W6mNmBqJfAW0.3ljT6YAiVy9FHDvkcOb2yWxwIIGzcMi',10000101,'usuario101@gmail.com',_binary '','usuario101','usuario101','DNI',2),(102,'Nguyen','$2a$10$8k29uvv4/W6mNmBqJfAW0.3ljT6YAiVy9FHDvkcOb2yWxwIGzcMi',10000102,'alicia102@gmail.com',_binary '','Alicia','alicia102','DNI',2),(103,'Bowen','$2a$10$8k29uvv4/W6mNmBqJfAW0.3ljT6YAiVy9FHDvkcOb2yWxwIGzcMi',10000103,'craig103@gmail.com',_binary '','Craig','craig103','DNI',2),(104,'Ramirez','$2a$10$8k29uvv4/W6mNmBqJfAW0.3ljT6YAiVy9FHDvkcOb2yWxwIGzcMi',10000104,'john104@gmail.com',_binary '','John','john104','DNI',2),(105,'Williamson','$2a$10$8k29uvv4/W6mNmBqJfAW0.3ljT6YAiVy9FHDvkcOb2yWxwIGzcMi',10000105,'amy105@gmail.com',_binary '','Amy','amy105','DNI',2),(106,'Alvarez','$2a$10$8k29uvv4/W6mNmBqJfAW0.3ljT6YAiVy9FHDvkcOb2yWxwIGzcMi',10000106,'kyle106@gmail.com',_binary '','Kyle','kyle106','DNI',2),(107,'Johnston','$2a$10$8k29uvv4/W6mNmBqJfAW0.3ljT6YAiVy9FHDvkcOb2yWxwIGzcMi',10000107,'jimmy107@gmail.com',_binary '','Jimmy','jimmy107','DNI',2),(108,'Harris','$2a$10$8k29uvv4/W6mNmBqJfAW0.3ljT6YAiVy9FHDvkcOb2yWxwIGzcMi',10000108,'lisa108@gmail.com',_binary '','Lisa','lisa108','DNI',2),(109,'West','$2a$10$8k29uvv4/W6mNmBqJfAW0.3ljT6YAiVy9FHDvkcOb2yWxwIGzcMi',10000109,'jennifer109@gmail.com',_binary '','Jennifer','jennifer109','DNI',2),(110,'Brooks','$2a$10$8k29uvv4/W6mNmBqJfAW0.3ljT6YAiVy9FHDvkcOb2yWxwIGzcMi',10000110,'anna110@gmail.com',_binary '','Anna','anna110','DNI',2),(111,'Hoffman','$2a$10$8k29uvv4/W6mNmBqJfAW0.3ljT6YAiVy9FHDvkcOb2yWxwIGzcMi',10000111,'stephanie111@gmail.com',_binary '','Stephanie','stephanie111','DNI',2),(112,'Walker','$2a$10$8k29uvv4/W6mNmBqJfAW0.3ljT6YAiVy9FHDvkcOb2yWxwIGzcMi',10000112,'michele112@gmail.com',_binary '','Michele','michele112','DNI',2),(113,'Burns','$2a$10$8k29uvv4/W6mNmBqJfAW0.3ljT6YAiVy9FHDvkcOb2yWxwIGzcMi',10000113,'david113@gmail.com',_binary '','David','david113','DNI',2),(114,'Kennedy','$2a$10$8k29uvv4/W6mNmBqJfAW0.3ljT6YAiVy9FHDvkcOb2yWxwIGzcMi',10000114,'teresa114@gmail.com',_binary '','Teresa','teresa114','DNI',2),(115,'Salazar','$2a$10$8k29uvv4/W6mNmBqJfAW0.3ljT6YAiVy9FHDvkcOb2yWxwIGzcMi',10000115,'christy115@gmail.com',_binary '','Christy','christy115','DNI',2),(116,'Fleming','$2a$10$8k29uvv4/W6mNmBqJfAW0.3ljT6YAiVy9FHDvkcOb2yWxwIGzcMi',10000116,'john116@gmail.com',_binary '','John','john116','DNI',2),(117,'Rhodes','$2a$10$8k29uvv4/W6mNmBqJfAW0.3ljT6YAiVy9FHDvkcOb2yWxwIGzcMi',10000117,'justin117@gmail.com',_binary '','Justin','justin117','DNI',2),(118,'Curtis','$2a$10$8k29uvv4/W6mNmBqJfAW0.3ljT6YAiVy9FHDvkcOb2yWxwIGzcMi',10000118,'valerie118@gmail.com',_binary '','Valerie','valerie118','DNI',2),(119,'Shepard','$2a$10$8k29uvv4/W6mNmBqJfAW0.3ljT6YAiVy9FHDvkcOb2yWxwIGzcMi',10000119,'jessica119@gmail.com',_binary '','Jessica','jessica119','DNI',2),(120,'Fox','$2a$10$8k29uvv4/W6mNmBqJfAW0.3ljT6YAiVy9FHDvkcOb2yWxwIGzcMi',10000120,'whitney120@gmail.com',_binary '','Whitney','whitney120','DNI',2),(121,'Martin','$2a$10$8k29uvv4/W6mNmBqJfAW0.3ljT6YAiVy9FHDvkcOb2yWxwIGzcMi',10000121,'julie121@gmail.com',_binary '','Julie','julie121','DNI',2),(122,'Fry','$2a$10$8k29uvv4/W6mNmBqJfAW0.3ljT6YAiVy9FHDvkcOb2yWxwIGzcMi',10000122,'kimberly122@gmail.com',_binary '','Kimberly','kimberly122','DNI',2),(123,'Clark','$2a$10$8k29uvv4/W6mNmBqJfAW0.3ljT6YAiVy9FHDvkcOb2yWxwIGzcMi',10000123,'nathan123@gmail.com',_binary '','Nathan','nathan123','DNI',2),(124,'Harrison','$2a$10$8k29uvv4/W6mNmBqJfAW0.3ljT6YAiVy9FHDvkcOb2yWxwIGzcMi',10000124,'lori124@gmail.com',_binary '','Lori','lori124','DNI',2),(125,'Anderson','$2a$10$8k29uvv4/W6mNmBqJfAW0.3ljT6YAiVy9FHDvkcOb2yWxwIGzcMi',10000125,'haley125@gmail.com',_binary '','Haley','haley125','DNI',2),(126,'Moran','$2a$10$8k29uvv4/W6mNmBqJfAW0.3ljT6YAiVy9FHDvkcOb2yWxwIGzcMi',10000126,'nicole126@gmail.com',_binary '','Nicole','nicole126','DNI',2),(127,'Castro','$2a$10$8k29uvv4/W6mNmBqJfAW0.3ljT6YAiVy9FHDvkcOb2yWxwIGzcMi',10000127,'lacey127@gmail.com',_binary '','Lacey','lacey127','DNI',2),(128,'Pitts','$2a$10$8k29uvv4/W6mNmBqJfAW0.3ljT6YAiVy9FHDvkcOb2yWxwIGzcMi',10000128,'justin128@gmail.com',_binary '','Justin','justin128','DNI',2),(129,'Williams','$2a$10$8k29uvv4/W6mNmBqJfAW0.3ljT6YAiVy9FHDvkcOb2yWxwIGzcMi',10000129,'travis129@gmail.com',_binary '','Travis','travis129','DNI',2),(130,'Hawkins','$2a$10$8k29uvv4/W6mNmBqJfAW0.3ljT6YAiVy9FHDvkcOb2yWxwIGzcMi',10000130,'jessica130@gmail.com',_binary '','Jessica','jessica130','DNI',2),(131,'Stuart','$2a$10$8k29uvv4/W6mNmBqJfAW0.3ljT6YAiVy9FHDvkcOb2yWxwIGzcMi',10000131,'mark131@gmail.com',_binary '','Mark','mark131','DNI',2),(132,'Carter','$2a$10$8k29uvv4/W6mNmBqJfAW0.3ljT6YAiVy9FHDvkcOb2yWxwIGzcMi',10000132,'dustin132@gmail.com',_binary '','Dustin','dustin132','DNI',2),(133,'Lawson','$2a$10$8k29uvv4/W6mNmBqJfAW0.3ljT6YAiVy9FHDvkcOb2yWxwIGzcMi',10000133,'michael133@gmail.com',_binary '','Michael','michael133','DNI',2),(134,'Weaver','$2a$10$8k29uvv4/W6mNmBqJfAW0.3ljT6YAiVy9FHDvkcOb2yWxwIGzcMi',10000134,'robin134@gmail.com',_binary '','Robin','robin134','DNI',2),(135,'Morgan','$2a$10$8k29uvv4/W6mNmBqJfAW0.3ljT6YAiVy9FHDvkcOb2yWxwIGzcMi',10000135,'mary135@gmail.com',_binary '','Mary','mary135','DNI',2),(136,'Martin','$2a$10$8k29uvv4/W6mNmBqJfAW0.3ljT6YAiVy9FHDvkcOb2yWxwIGzcMi',10000136,'megan136@gmail.com',_binary '','Megan','megan136','DNI',2),(137,'Fisher','$2a$10$8k29uvv4/W6mNmBqJfAW0.3ljT6YAiVy9FHDvkcOb2yWxwIGzcMi',10000137,'christian137@gmail.com',_binary '','Christian','christian137','DNI',2),(138,'Moore','$2a$10$8k29uvv4/W6mNmBqJfAW0.3ljT6YAiVy9FHDvkcOb2yWxwIGzcMi',10000138,'patrick138@gmail.com',_binary '','Patrick','patrick138','DNI',2),(139,'Perez','$2a$10$8k29uvv4/W6mNmBqJfAW0.3ljT6YAiVy9FHDvkcOb2yWxwIGzcMi',10000139,'elizabeth139@gmail.com',_binary '','Elizabeth','elizabeth139','DNI',2),(140,'Nguyen','$2a$10$8k29uvv4/W6mNmBqJfAW0.3ljT6YAiVy9FHDvkcOb2yWxwIGzcMi',10000140,'nathan140@gmail.com',_binary '','Nathan','nathan140','DNI',2),(141,'Baker','$2a$10$8k29uvv4/W6mNmBqJfAW0.3ljT6YAiVy9FHDvkcOb2yWxwIGzcMi',10000141,'tyler141@gmail.com',_binary '','Tyler','tyler141','DNI',2),(142,'Sanders','$2a$10$8k29uvv4/W6mNmBqJfAW0.3ljT6YAiVy9FHDvkcOb2yWxwIGzcMi',10000142,'brandon142@gmail.com',_binary '','Brandon','brandon142','DNI',2),(143,'Scott','$2a$10$8k29uvv4/W6mNmBqJfAW0.3ljT6YAiVy9FHDvkcOb2yWxwIGzcMi',10000143,'hannah143@gmail.com',_binary '','Hannah','hannah143','DNI',2),(144,'Hopkins','$2a$10$8k29uvv4/W6mNmBqJfAW0.3ljT6YAiVy9FHDvkcOb2yWxwIGzcMi',10000144,'angela144@gmail.com',_binary '','Angela','angela144','DNI',2),(145,'Kidd','$2a$10$8k29uvv4/W6mNmBqJfAW0.3ljT6YAiVy9FHDvkcOb2yWxwIGzcMi',10000145,'adriana145@gmail.com',_binary '','Adriana','adriana145','DNI',2),(146,'Fields','$2a$10$8k29uvv4/W6mNmBqJfAW0.3ljT6YAiVy9FHDvkcOb2yWxwIGzcMi',10000146,'ronald146@gmail.com',_binary '','Ronald','ronald146','DNI',2),(147,'Flores','$2a$10$8k29uvv4/W6mNmBqJfAW0.3ljT6YAiVy9FHDvkcOb2yWxwIGzcMi',10000147,'kathleen147@gmail.com',_binary '','Kathleen','kathleen147','DNI',2),(148,'Martin','$2a$10$8k29uvv4/W6mNmBqJfAW0.3ljT6YAiVy9FHDvkcOb2yWxwIGzcMi',10000148,'anthony148@gmail.com',_binary '','Anthony','anthony148','DNI',2),(149,'Manning','$2a$10$8k29uvv4/W6mNmBqJfAW0.3ljT6YAiVy9FHDvkcOb2yWxwIGzcMi',10000149,'carl149@gmail.com',_binary '','Carl','carl149','DNI',2),(150,'Wyatt','$2a$10$8k29uvv4/W6mNmBqJfAW0.3ljT6YAiVy9FHDvkcOb2yWxwIGzcMi',10000150,'glen150@gmail.com',_binary '','Glen','glen150','DNI',2),(151,'Moon','$2a$10$8k29uvv4/W6mNmBqJfAW0.3ljT6YAiVy9FHDvkcOb2yWxwIGzcMi',10000151,'timothy151@gmail.com',_binary '','Timothy','timothy151','DNI',2),(152,'Hodge','$2a$10$8k29uvv4/W6mNmBqJfAW0.3ljT6YAiVy9FHDvkcOb2yWxwIGzcMi',10000152,'james152@gmail.com',_binary '','James','james152','DNI',2),(153,'Jones','$2a$10$8k29uvv4/W6mNmBqJfAW0.3ljT6YAiVy9FHDvkcOb2yWxwIGzcMi',10000153,'jason153@gmail.com',_binary '','Jason','jason153','DNI',2),(154,'Briggs','$2a$10$8k29uvv4/W6mNmBqJfAW0.3ljT6YAiVy9FHDvkcOb2yWxwIGzcMi',10000154,'johnathan154@gmail.com',_binary '','Johnathan','johnathan154','DNI',2),(155,'Salas','$2a$10$8k29uvv4/W6mNmBqJfAW0.3ljT6YAiVy9FHDvkcOb2yWxwIGzcMi',10000155,'alexis155@gmail.com',_binary '','Alexis','alexis155','DNI',2),(156,'Williams','$2a$10$8k29uvv4/W6mNmBqJfAW0.3ljT6YAiVy9FHDvkcOb2yWxwIGzcMi',10000156,'michael156@gmail.com',_binary '','Michael','michael156','DNI',2),(157,'Carter','$2a$10$8k29uvv4/W6mNmBqJfAW0.3ljT6YAiVy9FHDvkcOb2yWxwIGzcMi',10000157,'larry157@gmail.com',_binary '','Larry','larry157','DNI',2),(158,'Williams','$2a$10$8k29uvv4/W6mNmBqJfAW0.3ljT6YAiVy9FHDvkcOb2yWxwIGzcMi',10000158,'juan158@gmail.com',_binary '','Juan','juan158','DNI',2),(159,'Flores','$2a$10$8k29uvv4/W6mNmBqJfAW0.3ljT6YAiVy9FHDvkcOb2yWxwIGzcMi',10000159,'william159@gmail.com',_binary '','William','william159','DNI',2),(160,'Evans','$2a$10$8k29uvv4/W6mNmBqJfAW0.3ljT6YAiVy9FHDvkcOb2yWxwIGzcMi',10000160,'lauren160@gmail.com',_binary '','Lauren','lauren160','DNI',2),(161,'Gillespie','$2a$10$8k29uvv4/W6mNmBqJfAW0.3ljT6YAiVy9FHDvkcOb2yWxwIGzcMi',10000161,'wendy161@gmail.com',_binary '','Wendy','wendy161','DNI',2),(162,'Hernandez','$2a$10$8k29uvv4/W6mNmBqJfAW0.3ljT6YAiVy9FHDvkcOb2yWxwIGzcMi',10000162,'suzanne162@gmail.com',_binary '','Suzanne','suzanne162','DNI',2),(163,'Peterson','$2a$10$8k29uvv4/W6mNmBqJfAW0.3ljT6YAiVy9FHDvkcOb2yWxwIGzcMi',10000163,'christian163@gmail.com',_binary '','Christian','christian163','DNI',2),(164,'Marquez','$2a$10$8k29uvv4/W6mNmBqJfAW0.3ljT6YAiVy9FHDvkcOb2yWxwIGzcMi',10000164,'thomas164@gmail.com',_binary '','Thomas','thomas164','DNI',2),(165,'Williams','$2a$10$8k29uvv4/W6mNmBqJfAW0.3ljT6YAiVy9FHDvkcOb2yWxwIGzcMi',10000165,'christy165@gmail.com',_binary '','Christy','christy165','DNI',2),(166,'Cain','$2a$10$8k29uvv4/W6mNmBqJfAW0.3ljT6YAiVy9FHDvkcOb2yWxwIGzcMi',10000166,'barbara166@gmail.com',_binary '','Barbara','barbara166','DNI',2),(167,'Alvarado','$2a$10$8k29uvv4/W6mNmBqJfAW0.3ljT6YAiVy9FHDvkcOb2yWxwIGzcMi',10000167,'jared167@gmail.com',_binary '','Jared','jared167','DNI',2),(168,'Rodgers','$2a$10$8k29uvv4/W6mNmBqJfAW0.3ljT6YAiVy9FHDvkcOb2yWxwIGzcMi',10000168,'travis168@gmail.com',_binary '','Travis','travis168','DNI',2),(169,'Hernandez','$2a$10$8k29uvv4/W6mNmBqJfAW0.3ljT6YAiVy9FHDvkcOb2yWxwIGzcMi',10000169,'jesse169@gmail.com',_binary '','Jesse','jesse169','DNI',2),(170,'Jacobson','$2a$10$8k29uvv4/W6mNmBqJfAW0.3ljT6YAiVy9FHDvkcOb2yWxwIGzcMi',10000170,'daniel170@gmail.com',_binary '','Daniel','daniel170','DNI',2),(171,'Knight','$2a$10$8k29uvv4/W6mNmBqJfAW0.3ljT6YAiVy9FHDvkcOb2yWxwIGzcMi',10000171,'david171@gmail.com',_binary '','David','david171','DNI',2),(172,'Walters','$2a$10$8k29uvv4/W6mNmBqJfAW0.3ljT6YAiVy9FHDvkcOb2yWxwIGzcMi',10000172,'brandy172@gmail.com',_binary '','Brandy','brandy172','DNI',2),(173,'Frost','$2a$10$8k29uvv4/W6mNmBqJfAW0.3ljT6YAiVy9FHDvkcOb2yWxwIGzcMi',10000173,'jason173@gmail.com',_binary '','Jason','jason173','DNI',2),(174,'Davis','$2a$10$8k29uvv4/W6mNmBqJfAW0.3ljT6YAiVy9FHDvkcOb2yWxwIGzcMi',10000174,'rachel174@gmail.com',_binary '','Rachel','rachel174','DNI',2),(175,'Marquez','$2a$10$8k29uvv4/W6mNmBqJfAW0.3ljT6YAiVy9FHDvkcOb2yWxwIGzcMi',10000175,'stephanie175@gmail.com',_binary '','Stephanie','stephanie175','DNI',2),(176,'Contreras','$2a$10$8k29uvv4/W6mNmBqJfAW0.3ljT6YAiVy9FHDvkcOb2yWxwIGzcMi',10000176,'michelle176@gmail.com',_binary '','Michelle','michelle176','DNI',2),(177,'Norman','$2a$10$8k29uvv4/W6mNmBqJfAW0.3ljT6YAiVy9FHDvkcOb2yWxwIGzcMi',10000177,'tiffany177@gmail.com',_binary '','Tiffany','tiffany177','DNI',2),(178,'Moore','$2a$10$8k29uvv4/W6mNmBqJfAW0.3ljT6YAiVy9FHDvkcOb2yWxwIGzcMi',10000178,'mark178@gmail.com',_binary '','Mark','mark178','DNI',2),(179,'Melendez','$2a$10$8k29uvv4/W6mNmBqJfAW0.3ljT6YAiVy9FHDvkcOb2yWxwIGzcMi',10000179,'patrick179@gmail.com',_binary '','Patrick','patrick179','DNI',2),(180,'Lambert','$2a$10$8k29uvv4/W6mNmBqJfAW0.3ljT6YAiVy9FHDvkcOb2yWxwIGzcMi',10000180,'spencer180@gmail.com',_binary '','Spencer','spencer180','DNI',2),(181,'Martin','$2a$10$8k29uvv4/W6mNmBqJfAW0.3ljT6YAiVy9FHDvkcOb2yWxwIGzcMi',10000181,'ashley181@gmail.com',_binary '','Ashley','ashley181','DNI',2),(182,'Smith','$2a$10$8k29uvv4/W6mNmBqJfAW0.3ljT6YAiVy9FHDvkcOb2yWxwIGzcMi',10000182,'ashley182@gmail.com',_binary '','Ashley','ashley182','DNI',2),(183,'Gonzalez','$2a$10$8k29uvv4/W6mNmBqJfAW0.3ljT6YAiVy9FHDvkcOb2yWxwIGzcMi',10000183,'jason183@gmail.com',_binary '','Jason','jason183','DNI',2),(184,'Romero','$2a$10$8k29uvv4/W6mNmBqJfAW0.3ljT6YAiVy9FHDvkcOb2yWxwIGzcMi',10000184,'tammy184@gmail.com',_binary '','Tammy','tammy184','DNI',2),(185,'Garcia','$2a$10$8k29uvv4/W6mNmBqJfAW0.3ljT6YAiVy9FHDvkcOb2yWxwIGzcMi',10000185,'jason185@gmail.com',_binary '','Jason','jason185','DNI',2),(186,'Thomas','$2a$10$8k29uvv4/W6mNmBqJfAW0.3ljT6YAiVy9FHDvkcOb2yWxwIGzcMi',10000186,'jason186@gmail.com',_binary '','Jason','jason186','DNI',2),(187,'Larson','$2a$10$8k29uvv4/W6mNmBqJfAW0.3ljT6YAiVy9FHDvkcOb2yWxwIGzcMi',10000187,'oscar187@gmail.com',_binary '','Oscar','oscar187','DNI',2),(188,'Austin','$2a$10$8k29uvv4/W6mNmBqJfAW0.3ljT6YAiVy9FHDvkcOb2yWxwIGzcMi',10000188,'laura188@gmail.com',_binary '','Laura','laura188','DNI',2),(189,'Gonzalez','$2a$10$8k29uvv4/W6mNmBqJfAW0.3ljT6YAiVy9FHDvkcOb2yWxwIGzcMi',10000189,'robert189@gmail.com',_binary '','Robert','robert189','DNI',2),(190,'Perez','$2a$10$8k29uvv4/W6mNmBqJfAW0.3ljT6YAiVy9FHDvkcOb2yWxwIGzcMi',10000190,'aaron190@gmail.com',_binary '','Aaron','aaron190','DNI',2),(191,'Young','$2a$10$8k29uvv4/W6mNmBqJfAW0.3ljT6YAiVy9FHDvkcOb2yWxwIGzcMi',10000191,'brandon191@gmail.com',_binary '','Brandon','brandon191','DNI',2),(192,'Phillips','$2a$10$8k29uvv4/W6mNmBqJfAW0.3ljT6YAiVy9FHDvkcOb2yWxwIGzcMi',10000192,'david192@gmail.com',_binary '','David','david192','DNI',2),(193,'Green','$2a$10$8k29uvv4/W6mNmBqJfAW0.3ljT6YAiVy9FHDvkcOb2yWxwIGzcMi',10000193,'zachary193@gmail.com',_binary '','Zachary','zachary193','DNI',2),(194,'Baldwin','$2a$10$8k29uvv4/W6mNmBqJfAW0.3ljT6YAiVy9FHDvkcOb2yWxwIGzcMi',10000194,'brian194@gmail.com',_binary '','Brian','brian194','DNI',2),(195,'Wilson','$2a$10$8k29uvv4/W6mNmBqJfAW0.3ljT6YAiVy9FHDvkcOb2yWxwIGzcMi',10000195,'pamela195@gmail.com',_binary '','Pamela','pamela195','DNI',2),(196,'Diaz','$2a$10$8k29uvv4/W6mNmBqJfAW0.3ljT6YAiVy9FHDvkcOb2yWxwIGzcMi',10000196,'luis196@gmail.com',_binary '','Luis','luis196','DNI',2),(197,'Martinez','$2a$10$8k29uvv4/W6mNmBqJfAW0.3ljT6YAiVy9FHDvkcOb2yWxwIGzcMi',10000197,'john197@gmail.com',_binary '','John','john197','DNI',2),(198,'Carter','$2a$10$8k29uvv4/W6mNmBqJfAW0.3ljT6YAiVy9FHDvkcOb2yWxwIGzcMi',10000198,'sheri198@gmail.com',_binary '','Sheri','sheri198','DNI',2),(199,'Flynn','$2a$10$8k29uvv4/W6mNmBqJfAW0.3ljT6YAiVy9FHDvkcOb2yWxwIGzcMi',10000199,'mary199@gmail.com',_binary '','Mary','mary199','DNI',2),(200,'Callahan','$2a$10$8k29uvv4/W6mNmBqJfAW0.3ljT6YAiVy9FHDvkcOb2yWxwIGzcMi',10000200,'megan200@gmail.com',_binary '','Megan','megan200','DNI',2),(201,'Andrade','$2a$10$8k29uvv4/W6mNmBqJfAW0.3ljT6YAiVy9FHDvkcOb2yWxwIGzcMi',10000201,'jenny201@gmail.com',_binary '','Jenny','jenny201','DNI',2),(202,'Dunn','$2a$10$8k29uvv4/W6mNmBqJfAW0.3ljT6YAiVy9FHDvkcOb2yWxwIGzcMi',10000202,'erin202@gmail.com',_binary '','Erin','erin202','DNI',2),(203,'Robinson','$2a$10$8k29uvv4/W6mNmBqJfAW0.3ljT6YAiVy9FHDvkcOb2yWxwIGzcMi',10000203,'sara203@gmail.com',_binary '','Sara','sara203','DNI',2),(204,'Mullen','$2a$10$8k29uvv4/W6mNmBqJfAW0.3ljT6YAiVy9FHDvkcOb2yWxwIGzcMi',10000204,'anne204@gmail.com',_binary '','Anne','anne204','DNI',2),(205,'Griffin','$2a$10$8k29uvv4/W6mNmBqJfAW0.3ljT6YAiVy9FHDvkcOb2yWxwIGzcMi',10000205,'barbara205@gmail.com',_binary '','Barbara','barbara205','DNI',2),(206,'White','$2a$10$8k29uvv4/W6mNmBqJfAW0.3ljT6YAiVy9FHDvkcOb2yWxwIGzcMi',10000206,'brittany206@gmail.com',_binary '','Brittany','brittany206','DNI',2),(207,'Fowler','$2a$10$8k29uvv4/W6mNmBqJfAW0.3ljT6YAiVy9FHDvkcOb2yWxwIGzcMi',10000207,'latoya207@gmail.com',_binary '','Latoya','latoya207','DNI',2),(208,'Rodriguez','$2a$10$8k29uvv4/W6mNmBqJfAW0.3ljT6YAiVy9FHDvkcOb2yWxwIGzcMi',10000208,'philip208@gmail.com',_binary '','Philip','philip208','DNI',2),(209,'Jones','$2a$10$8k29uvv4/W6mNmBqJfAW0.3ljT6YAiVy9FHDvkcOb2yWxwIGzcMi',10000209,'natasha209@gmail.com',_binary '','Natasha','natasha209','DNI',2),(210,'Novak','$2a$10$8k29uvv4/W6mNmBqJfAW0.3ljT6YAiVy9FHDvkcOb2yWxwIGzcMi',10000210,'ana210@gmail.com',_binary '','Ana','ana210','DNI',2),(211,'Waller','$2a$10$8k29uvv4/W6mNmBqJfAW0.3ljT6YAiVy9FHDvkcOb2yWxwIGzcMi',10000211,'megan211@gmail.com',_binary '','Megan','megan211','DNI',2),(212,'Bennett','$2a$10$8k29uvv4/W6mNmBqJfAW0.3ljT6YAiVy9FHDvkcOb2yWxwIGzcMi',10000212,'john212@gmail.com',_binary '','John','john212','DNI',2),(213,'Lucero','$2a$10$8k29uvv4/W6mNmBqJfAW0.3ljT6YAiVy9FHDvkcOb2yWxwIGzcMi',10000213,'michael213@gmail.com',_binary '','Michael','michael213','DNI',2),(214,'Weaver','$2a$10$8k29uvv4/W6mNmBqJfAW0.3ljT6YAiVy9FHDvkcOb2yWxwIGzcMi',10000214,'amanda214@gmail.com',_binary '','Amanda','amanda214','DNI',2),(215,'Wilson','$2a$10$8k29uvv4/W6mNmBqJfAW0.3ljT6YAiVy9FHDvkcOb2yWxwIGzcMi',10000215,'joseph215@gmail.com',_binary '','Joseph','joseph215','DNI',2),(216,'Bowers','$2a$10$8k29uvv4/W6mNmBqJfAW0.3ljT6YAiVy9FHDvkcOb2yWxwIGzcMi',10000216,'ruben216@gmail.com',_binary '','Ruben','ruben216','DNI',2),(217,'Clark','$2a$10$8k29uvv4/W6mNmBqJfAW0.3ljT6YAiVy9FHDvkcOb2yWxwIGzcMi',10000217,'lisa217@gmail.com',_binary '','Lisa','lisa217','DNI',2),(218,'Oliver','$2a$10$8k29uvv4/W6mNmBqJfAW0.3ljT6YAiVy9FHDvkcOb2yWxwIGzcMi',10000218,'wyatt218@gmail.com',_binary '','Wyatt','wyatt218','DNI',2),(219,'Hudson','$2a$10$8k29uvv4/W6mNmBqJfAW0.3ljT6YAiVy9FHDvkcOb2yWxwIGzcMi',10000219,'brandon219@gmail.com',_binary '','Brandon','brandon219','DNI',2),(220,'Cole','$2a$10$8k29uvv4/W6mNmBqJfAW0.3ljT6YAiVy9FHDvkcOb2yWxwIGzcMi',10000220,'amy220@gmail.com',_binary '','Amy','amy220','DNI',2),(221,'Munoz','$2a$10$8k29uvv4/W6mNmBqJfAW0.3ljT6YAiVy9FHDvkcOb2yWxwIGzcMi',10000221,'lindsey221@gmail.com',_binary '','Lindsey','lindsey221','DNI',2),(222,'Pearson','$2a$10$8k29uvv4/W6mNmBqJfAW0.3ljT6YAiVy9FHDvkcOb2yWxwIGzcMi',10000222,'ashley222@gmail.com',_binary '','Ashley','ashley222','DNI',2),(223,'Garcia','$2a$10$8k29uvv4/W6mNmBqJfAW0.3ljT6YAiVy9FHDvkcOb2yWxwIGzcMi',10000223,'lauren223@gmail.com',_binary '','Lauren','lauren223','DNI',2),(224,'Porter','$2a$10$8k29uvv4/W6mNmBqJfAW0.3ljT6YAiVy9FHDvkcOb2yWxwIGzcMi',10000224,'jennifer224@gmail.com',_binary '','Jennifer','jennifer224','DNI',2),(225,'Carlson','$2a$10$8k29uvv4/W6mNmBqJfAW0.3ljT6YAiVy9FHDvkcOb2yWxwIGzcMi',10000225,'meghan225@gmail.com',_binary '','Meghan','meghan225','DNI',2),(226,'Berg','$2a$10$8k29uvv4/W6mNmBqJfAW0.3ljT6YAiVy9FHDvkcOb2yWxwIGzcMi',10000226,'phillip226@gmail.com',_binary '','Phillip','phillip226','DNI',2),(227,'Moore','$2a$10$8k29uvv4/W6mNmBqJfAW0.3ljT6YAiVy9FHDvkcOb2yWxwIGzcMi',10000227,'joseph227@gmail.com',_binary '','Joseph','joseph227','DNI',2),(228,'Ellison','$2a$10$8k29uvv4/W6mNmBqJfAW0.3ljT6YAiVy9FHDvkcOb2yWxwIGzcMi',10000228,'justin228@gmail.com',_binary '','Justin','justin228','DNI',2),(229,'Owens','$2a$10$8k29uvv4/W6mNmBqJfAW0.3ljT6YAiVy9FHDvkcOb2yWxwIGzcMi',10000229,'monica229@gmail.com',_binary '','Monica','monica229','DNI',2),(230,'Petersen','$2a$10$8k29uvv4/W6mNmBqJfAW0.3ljT6YAiVy9FHDvkcOb2yWxwIGzcMi',10000230,'rachel230@gmail.com',_binary '','Rachel','rachel230','DNI',2),(231,'Dennis','$2a$10$8k29uvv4/W6mNmBqJfAW0.3ljT6YAiVy9FHDvkcOb2yWxwIGzcMi',10000231,'derek231@gmail.com',_binary '','Derek','derek231','DNI',2),(232,'Nguyen','$2a$10$8k29uvv4/W6mNmBqJfAW0.3ljT6YAiVy9FHDvkcOb2yWxwIGzcMi',10000232,'angela232@gmail.com',_binary '','Angela','angela232','DNI',2),(233,'Wallace','$2a$10$8k29uvv4/W6mNmBqJfAW0.3ljT6YAiVy9FHDvkcOb2yWxwIGzcMi',10000233,'brian233@gmail.com',_binary '','Brian','brian233','DNI',2),(234,'Brewer','$2a$10$8k29uvv4/W6mNmBqJfAW0.3ljT6YAiVy9FHDvkcOb2yWxwIGzcMi',10000234,'nicole234@gmail.com',_binary '','Nicole','nicole234','DNI',2),(235,'Castillo','$2a$10$8k29uvv4/W6mNmBqJfAW0.3ljT6YAiVy9FHDvkcOb2yWxwIGzcMi',10000235,'donna235@gmail.com',_binary '','Donna','donna235','DNI',2),(236,'White','$2a$10$8k29uvv4/W6mNmBqJfAW0.3ljT6YAiVy9FHDvkcOb2yWxwIGzcMi',10000236,'megan236@gmail.com',_binary '','Megan','megan236','DNI',2),(237,'Rivera','$2a$10$8k29uvv4/W6mNmBqJfAW0.3ljT6YAiVy9FHDvkcOb2yWxwIGzcMi',10000237,'tanya237@gmail.com',_binary '','Tanya','tanya237','DNI',2),(238,'Hardy','$2a$10$8k29uvv4/W6mNmBqJfAW0.3ljT6YAiVy9FHDvkcOb2yWxwIGzcMi',10000238,'matthew238@gmail.com',_binary '','Matthew','matthew238','DNI',2),(239,'Casey','$2a$10$8k29uvv4/W6mNmBqJfAW0.3ljT6YAiVy9FHDvkcOb2yWxwIGzcMi',10000239,'austin239@gmail.com',_binary '','Austin','austin239','DNI',2),(240,'Green','$2a$10$8k29uvv4/W6mNmBqJfAW0.3ljT6YAiVy9FHDvkcOb2yWxwIGzcMi',10000240,'cynthia240@gmail.com',_binary '','Cynthia','cynthia240','DNI',2),(241,'Stevens','$2a$10$8k29uvv4/W6mNmBqJfAW0.3ljT6YAiVy9FHDvkcOb2yWxwIGzcMi',10000241,'christopher241@gmail.com',_binary '','Christopher','christopher241','DNI',2),(242,'Lopez','$2a$10$8k29uvv4/W6mNmBqJfAW0.3ljT6YAiVy9FHDvkcOb2yWxwIGzcMi',10000242,'kristine242@gmail.com',_binary '','Kristine','kristine242','DNI',2),(243,'Carroll','$2a$10$8k29uvv4/W6mNmBqJfAW0.3ljT6YAiVy9FHDvkcOb2yWxwIGzcMi',10000243,'christina243@gmail.com',_binary '','Christina','christina243','DNI',2),(244,'Bush','$2a$10$8k29uvv4/W6mNmBqJfAW0.3ljT6YAiVy9FHDvkcOb2yWxwIGzcMi',10000244,'michael244@gmail.com',_binary '','Michael','michael244','DNI',2),(245,'Torres','$2a$10$8k29uvv4/W6mNmBqJfAW0.3ljT6YAiVy9FHDvkcOb2yWxwIGzcMi',10000245,'jesse245@gmail.com',_binary '','Jesse','jesse245','DNI',2),(246,'Thomas','$2a$10$8k29uvv4/W6mNmBqJfAW0.3ljT6YAiVy9FHDvkcOb2yWxwIGzcMi',10000246,'james246@gmail.com',_binary '','James','james246','DNI',2),(247,'Lawrence','$2a$10$8k29uvv4/W6mNmBqJfAW0.3ljT6YAiVy9FHDvkcOb2yWxwIGzcMi',10000247,'brandon247@gmail.com',_binary '','Brandon','brandon247','DNI',2),(248,'Callahan','$2a$10$8k29uvv4/W6mNmBqJfAW0.3ljT6YAiVy9FHDvkcOb2yWxwIGzcMi',10000248,'kelly248@gmail.com',_binary '','Kelly','kelly248','DNI',2),(249,'Rivera','$2a$10$8k29uvv4/W6mNmBqJfAW0.3ljT6YAiVy9FHDvkcOb2yWxwIGzcMi',10000249,'sean249@gmail.com',_binary '','Sean','sean249','DNI',2),(250,'Jimenez','$2a$10$8k29uvv4/W6mNmBqJfAW0.3ljT6YAiVy9FHDvkcOb2yWxwIGzcMi',10000250,'luis250@gmail.com',_binary '','Luis','luis250','DNI',2),(251,'Love','$2a$10$8k29uvv4/W6mNmBqJfAW0.3ljT6YAiVy9FHDvkcOb2yWxwIGzcMi',10000251,'sharon251@gmail.com',_binary '','Sharon','sharon251','DNI',2),(252,'Malone','$2a$10$8k29uvv4/W6mNmBqJfAW0.3ljT6YAiVy9FHDvkcOb2yWxwIGzcMi',10000252,'mary252@gmail.com',_binary '','Mary','mary252','DNI',2),(253,'Smith','$2a$10$8k29uvv4/W6mNmBqJfAW0.3ljT6YAiVy9FHDvkcOb2yWxwIGzcMi',10000253,'luis253@gmail.com',_binary '','Luis','luis253','DNI',2),(254,'Santana','$2a$10$8k29uvv4/W6mNmBqJfAW0.3ljT6YAiVy9FHDvkcOb2yWxwIGzcMi',10000254,'michelle254@gmail.com',_binary '','Michelle','michelle254','DNI',2),(255,'Martinez','$2a$10$8k29uvv4/W6mNmBqJfAW0.3ljT6YAiVy9FHDvkcOb2yWxwIGzcMi',10000255,'tanya255@gmail.com',_binary '','Tanya','tanya255','DNI',2),(256,'Moore','$2a$10$8k29uvv4/W6mNmBqJfAW0.3ljT6YAiVy9FHDvkcOb2yWxwIGzcMi',10000256,'christopher256@gmail.com',_binary '','Christopher','christopher256','DNI',2),(257,'Bell','$2a$10$8k29uvv4/W6mNmBqJfAW0.3ljT6YAiVy9FHDvkcOb2yWxwIGzcMi',10000257,'holly257@gmail.com',_binary '','Holly','holly257','DNI',2),(258,'Morales','$2a$10$8k29uvv4/W6mNmBqJfAW0.3ljT6YAiVy9FHDvkcOb2yWxwIGzcMi',10000258,'diana258@gmail.com',_binary '','Diana','diana258','DNI',2),(259,'Rodriguez','$2a$10$8k29uvv4/W6mNmBqJfAW0.3ljT6YAiVy9FHDvkcOb2yWxwIGzcMi',10000259,'shari259@gmail.com',_binary '','Shari','shari259','DNI',2),(260,'Ali','$2a$10$8k29uvv4/W6mNmBqJfAW0.3ljT6YAiVy9FHDvkcOb2yWxwIGzcMi',10000260,'ann260@gmail.com',_binary '','Ann','ann260','DNI',2),(261,'Holt','$2a$10$8k29uvv4/W6mNmBqJfAW0.3ljT6YAiVy9FHDvkcOb2yWxwIGzcMi',10000261,'krista261@gmail.com',_binary '','Krista','krista261','DNI',2),(262,'Wiggins','$2a$10$8k29uvv4/W6mNmBqJfAW0.3ljT6YAiVy9FHDvkcOb2yWxwIGzcMi',10000262,'scott262@gmail.com',_binary '','Scott','scott262','DNI',2),(263,'Beck','$2a$10$8k29uvv4/W6mNmBqJfAW0.3ljT6YAiVy9FHDvkcOb2yWxwIGzcMi',10000263,'amy263@gmail.com',_binary '','Amy','amy263','DNI',2),(264,'Meyer','$2a$10$8k29uvv4/W6mNmBqJfAW0.3ljT6YAiVy9FHDvkcOb2yWxwIGzcMi',10000264,'timothy264@gmail.com',_binary '','Timothy','timothy264','DNI',2),(265,'Johnson','$2a$10$8k29uvv4/W6mNmBqJfAW0.3ljT6YAiVy9FHDvkcOb2yWxwIGzcMi',10000265,'jose265@gmail.com',_binary '','Jose','jose265','DNI',2),(266,'Miller','$2a$10$8k29uvv4/W6mNmBqJfAW0.3ljT6YAiVy9FHDvkcOb2yWxwIGzcMi',10000266,'jeffrey266@gmail.com',_binary '','Jeffrey','jeffrey266','DNI',2),(267,'Arias','$2a$10$8k29uvv4/W6mNmBqJfAW0.3ljT6YAiVy9FHDvkcOb2yWxwIGzcMi',10000267,'debra267@gmail.com',_binary '','Debra','debra267','DNI',2),(268,'Johnson','$2a$10$8k29uvv4/W6mNmBqJfAW0.3ljT6YAiVy9FHDvkcOb2yWxwIGzcMi',10000268,'morgan268@gmail.com',_binary '','Morgan','morgan268','DNI',2),(269,'Buchanan','$2a$10$8k29uvv4/W6mNmBqJfAW0.3ljT6YAiVy9FHDvkcOb2yWxwIGzcMi',10000269,'brandon269@gmail.com',_binary '','Brandon','brandon269','DNI',2),(270,'Brown','$2a$10$8k29uvv4/W6mNmBqJfAW0.3ljT6YAiVy9FHDvkcOb2yWxwIGzcMi',10000270,'david270@gmail.com',_binary '','David','david270','DNI',2),(271,'Murray','$2a$10$8k29uvv4/W6mNmBqJfAW0.3ljT6YAiVy9FHDvkcOb2yWxwIGzcMi',10000271,'dana271@gmail.com',_binary '','Dana','dana271','DNI',2),(272,'Crawford','$2a$10$8k29uvv4/W6mNmBqJfAW0.3ljT6YAiVy9FHDvkcOb2yWxwIGzcMi',10000272,'jeffrey272@gmail.com',_binary '','Jeffrey','jeffrey272','DNI',2),(273,'Roman','$2a$10$8k29uvv4/W6mNmBqJfAW0.3ljT6YAiVy9FHDvkcOb2yWxwIGzcMi',10000273,'anthony273@gmail.com',_binary '','Anthony','anthony273','DNI',2),(274,'Stuart','$2a$10$8k29uvv4/W6mNmBqJfAW0.3ljT6YAiVy9FHDvkcOb2yWxwIGzcMi',10000274,'jennifer274@gmail.com',_binary '','Jennifer','jennifer274','DNI',2),(275,'Chapman','$2a$10$8k29uvv4/W6mNmBqJfAW0.3ljT6YAiVy9FHDvkcOb2yWxwIGzcMi',10000275,'rachel275@gmail.com',_binary '','Rachel','rachel275','DNI',2),(276,'Lindsey','$2a$10$8k29uvv4/W6mNmBqJfAW0.3ljT6YAiVy9FHDvkcOb2yWxwIGzcMi',10000276,'tiffany276@gmail.com',_binary '','Tiffany','tiffany276','DNI',2),(277,'Rivera','$2a$10$8k29uvv4/W6mNmBqJfAW0.3ljT6YAiVy9FHDvkcOb2yWxwIGzcMi',10000277,'joseph277@gmail.com',_binary '','Joseph','joseph277','DNI',2),(278,'Flores','$2a$10$8k29uvv4/W6mNmBqJfAW0.3ljT6YAiVy9FHDvkcOb2yWxwIGzcMi',10000278,'charles278@gmail.com',_binary '','Charles','charles278','DNI',2),(279,'Conley','$2a$10$8k29uvv4/W6mNmBqJfAW0.3ljT6YAiVy9FHDvkcOb2yWxwIGzcMi',10000279,'gregg279@gmail.com',_binary '','Gregg','gregg279','DNI',2),(280,'Rich','$2a$10$8k29uvv4/W6mNmBqJfAW0.3ljT6YAiVy9FHDvkcOb2yWxwIGzcMi',10000280,'heather280@gmail.com',_binary '','Heather','heather280','DNI',2),(281,'Fuller','$2a$10$8k29uvv4/W6mNmBqJfAW0.3ljT6YAiVy9FHDvkcOb2yWxwIGzcMi',10000281,'ryan281@gmail.com',_binary '','Ryan','ryan281','DNI',2),(282,'Estrada','$2a$10$8k29uvv4/W6mNmBqJfAW0.3ljT6YAiVy9FHDvkcOb2yWxwIGzcMi',10000282,'kelly282@gmail.com',_binary '','Kelly','kelly282','DNI',2),(283,'Howard','$2a$10$8k29uvv4/W6mNmBqJfAW0.3ljT6YAiVy9FHDvkcOb2yWxwIGzcMi',10000283,'vincent283@gmail.com',_binary '','Vincent','vincent283','DNI',2),(284,'Anderson','$2a$10$8k29uvv4/W6mNmBqJfAW0.3ljT6YAiVy9FHDvkcOb2yWxwIGzcMi',10000284,'tiffany284@gmail.com',_binary '','Tiffany','tiffany284','DNI',2),(285,'Palmer','$2a$10$8k29uvv4/W6mNmBqJfAW0.3ljT6YAiVy9FHDvkcOb2yWxwIGzcMi',10000285,'gregory285@gmail.com',_binary '','Gregory','gregory285','DNI',2),(286,'Fox','$2a$10$8k29uvv4/W6mNmBqJfAW0.3ljT6YAiVy9FHDvkcOb2yWxwIGzcMi',10000286,'laura286@gmail.com',_binary '','Laura','laura286','DNI',2),(287,'Moore','$2a$10$8k29uvv4/W6mNmBqJfAW0.3ljT6YAiVy9FHDvkcOb2yWxwIGzcMi',10000287,'cindy287@gmail.com',_binary '','Cindy','cindy287','DNI',2),(288,'Walker','$2a$10$8k29uvv4/W6mNmBqJfAW0.3ljT6YAiVy9FHDvkcOb2yWxwIGzcMi',10000288,'meghan288@gmail.com',_binary '','Meghan','meghan288','DNI',2),(289,'Fitzgerald','$2a$10$8k29uvv4/W6mNmBqJfAW0.3ljT6YAiVy9FHDvkcOb2yWxwIGzcMi',10000289,'andrew289@gmail.com',_binary '','Andrew','andrew289','DNI',2),(290,'Porter','$2a$10$8k29uvv4/W6mNmBqJfAW0.3ljT6YAiVy9FHDvkcOb2yWxwIGzcMi',10000290,'james290@gmail.com',_binary '','James','james290','DNI',2),(291,'Salinas','$2a$10$8k29uvv4/W6mNmBqJfAW0.3ljT6YAiVy9FHDvkcOb2yWxwIGzcMi',10000291,'diana291@gmail.com',_binary '','Diana','diana291','DNI',2),(292,'Roberts','$2a$10$8k29uvv4/W6mNmBqJfAW0.3ljT6YAiVy9FHDvkcOb2yWxwIGzcMi',10000292,'ethan292@gmail.com',_binary '','Ethan','ethan292','DNI',2),(293,'Ortiz','$2a$10$8k29uvv4/W6mNmBqJfAW0.3ljT6YAiVy9FHDvkcOb2yWxwIGzcMi',10000293,'kevin293@gmail.com',_binary '','Kevin','kevin293','DNI',2),(294,'Skinner','$2a$10$8k29uvv4/W6mNmBqJfAW0.3ljT6YAiVy9FHDvkcOb2yWxwIGzcMi',10000294,'brett294@gmail.com',_binary '','Brett','brett294','DNI',2),(295,'Dalton','$2a$10$8k29uvv4/W6mNmBqJfAW0.3ljT6YAiVy9FHDvkcOb2yWxwIGzcMi',10000295,'julie295@gmail.com',_binary '','Julie','julie295','DNI',2),(296,'Cowan','$2a$10$8k29uvv4/W6mNmBqJfAW0.3ljT6YAiVy9FHDvkcOb2yWxwIGzcMi',10000296,'anne296@gmail.com',_binary '','Anne','anne296','DNI',2),(297,'Delgado','$2a$10$8k29uvv4/W6mNmBqJfAW0.3ljT6YAiVy9FHDvkcOb2yWxwIGzcMi',10000297,'nicole297@gmail.com',_binary '','Nicole','nicole297','DNI',2),(298,'Foster','$2a$10$8k29uvv4/W6mNmBqJfAW0.3ljT6YAiVy9FHDvkcOb2yWxwIGzcMi',10000298,'adam298@gmail.com',_binary '','Adam','adam298','DNI',2),(299,'May','$2a$10$8k29uvv4/W6mNmBqJfAW0.3ljT6YAiVy9FHDvkcOb2yWxwIGzcMi',10000299,'matthew299@gmail.com',_binary '','Matthew','matthew299','DNI',2),(300,'Lewis','$2a$10$8k29uvv4/W6mNmBqJfAW0.3ljT6YAiVy9FHDvkcOb2yWxwIGzcMi',10000300,'christopher300@gmail.com',_binary '','Christopher','christopher300','DNI',2),(301,'Murray','$2a$10$8k29uvv4/W6mNmBqJfAW0.3ljT6YAiVy9FHDvkcOb2yWxwIGzcMi',10000301,'daniel301@gmail.com',_binary '','Daniel','daniel301','DNI',2),(302,'Miller','$2a$10$8k29uvv4/W6mNmBqJfAW0.3ljT6YAiVy9FHDvkcOb2yWxwIGzcMi',10000302,'robert302@gmail.com',_binary '','Robert','robert302','DNI',2),(303,'Simpson','$2a$10$8k29uvv4/W6mNmBqJfAW0.3ljT6YAiVy9FHDvkcOb2yWxwIGzcMi',10000303,'jennifer303@gmail.com',_binary '','Jennifer','jennifer303','DNI',2),(304,'Obrien','$2a$10$8k29uvv4/W6mNmBqJfAW0.3ljT6YAiVy9FHDvkcOb2yWxwIGzcMi',10000304,'michael304@gmail.com',_binary '','Michael','michael304','DNI',2),(305,'Vega','$2a$10$8k29uvv4/W6mNmBqJfAW0.3ljT6YAiVy9FHDvkcOb2yWxwIGzcMi',10000305,'denise305@gmail.com',_binary '','Denise','denise305','DNI',2),(306,'Anderson','$2a$10$8k29uvv4/W6mNmBqJfAW0.3ljT6YAiVy9FHDvkcOb2yWxwIGzcMi',10000306,'virginia306@gmail.com',_binary '','Virginia','virginia306','DNI',2),(307,'Davis','$2a$10$8k29uvv4/W6mNmBqJfAW0.3ljT6YAiVy9FHDvkcOb2yWxwIGzcMi',10000307,'michael307@gmail.com',_binary '','Michael','michael307','DNI',2),(308,'Thomas','$2a$10$8k29uvv4/W6mNmBqJfAW0.3ljT6YAiVy9FHDvkcOb2yWxwIGzcMi',10000308,'lisa308@gmail.com',_binary '','Lisa','lisa308','DNI',2),(309,'Walker','$2a$10$8k29uvv4/W6mNmBqJfAW0.3ljT6YAiVy9FHDvkcOb2yWxwIGzcMi',10000309,'anthony309@gmail.com',_binary '','Anthony','anthony309','DNI',2),(310,'Hughes','$2a$10$8k29uvv4/W6mNmBqJfAW0.3ljT6YAiVy9FHDvkcOb2yWxwIGzcMi',10000310,'william310@gmail.com',_binary '','William','william310','DNI',2),(311,'West','$2a$10$8k29uvv4/W6mNmBqJfAW0.3ljT6YAiVy9FHDvkcOb2yWxwIGzcMi',10000311,'rita311@gmail.com',_binary '','Rita','rita311','DNI',2),(312,'Day','$2a$10$8k29uvv4/W6mNmBqJfAW0.3ljT6YAiVy9FHDvkcOb2yWxwIGzcMi',10000312,'karen312@gmail.com',_binary '','Karen','karen312','DNI',2),(313,'Jones','$2a$10$8k29uvv4/W6mNmBqJfAW0.3ljT6YAiVy9FHDvkcOb2yWxwIGzcMi',10000313,'daniel313@gmail.com',_binary '','Daniel','daniel313','DNI',2),(314,'Roach','$2a$10$8k29uvv4/W6mNmBqJfAW0.3ljT6YAiVy9FHDvkcOb2yWxwIGzcMi',10000314,'jessica314@gmail.com',_binary '','Jessica','jessica314','DNI',2),(315,'Tucker','$2a$10$8k29uvv4/W6mNmBqJfAW0.3ljT6YAiVy9FHDvkcOb2yWxwIGzcMi',10000315,'timothy315@gmail.com',_binary '','Timothy','timothy315','DNI',2),(316,'Rangel','$2a$10$8k29uvv4/W6mNmBqJfAW0.3ljT6YAiVy9FHDvkcOb2yWxwIGzcMi',10000316,'tiffany316@gmail.com',_binary '','Tiffany','tiffany316','DNI',2),(317,'Maldonado','$2a$10$8k29uvv4/W6mNmBqJfAW0.3ljT6YAiVy9FHDvkcOb2yWxwIGzcMi',10000317,'jennifer317@gmail.com',_binary '','Jennifer','jennifer317','DNI',2),(318,'Mullins','$2a$10$8k29uvv4/W6mNmBqJfAW0.3ljT6YAiVy9FHDvkcOb2yWxwIGzcMi',10000318,'billy318@gmail.com',_binary '','Billy','billy318','DNI',2),(319,'Conley','$2a$10$8k29uvv4/W6mNmBqJfAW0.3ljT6YAiVy9FHDvkcOb2yWxwIGzcMi',10000319,'luke319@gmail.com',_binary '','Luke','luke319','DNI',2),(320,'Clark','$2a$10$8k29uvv4/W6mNmBqJfAW0.3ljT6YAiVy9FHDvkcOb2yWxwIGzcMi',10000320,'brittany320@gmail.com',_binary '','Brittany','brittany320','DNI',2),(321,'Guerrero','$2a$10$8k29uvv4/W6mNmBqJfAW0.3ljT6YAiVy9FHDvkcOb2yWxwIGzcMi',10000321,'dominique321@gmail.com',_binary '','Dominique','dominique321','DNI',2),(322,'Schmidt','$2a$10$8k29uvv4/W6mNmBqJfAW0.3ljT6YAiVy9FHDvkcOb2yWxwIGzcMi',10000322,'ruth322@gmail.com',_binary '','Ruth','ruth322','DNI',2),(323,'Hanna','$2a$10$8k29uvv4/W6mNmBqJfAW0.3ljT6YAiVy9FHDvkcOb2yWxwIGzcMi',10000323,'tabitha323@gmail.com',_binary '','Tabitha','tabitha323','DNI',2),(324,'King','$2a$10$8k29uvv4/W6mNmBqJfAW0.3ljT6YAiVy9FHDvkcOb2yWxwIGzcMi',10000324,'stephen324@gmail.com',_binary '','Stephen','stephen324','DNI',2),(325,'Martin','$2a$10$8k29uvv4/W6mNmBqJfAW0.3ljT6YAiVy9FHDvkcOb2yWxwIGzcMi',10000325,'kirsten325@gmail.com',_binary '','Kirsten','kirsten325','DNI',2),(326,'Green','$2a$10$8k29uvv4/W6mNmBqJfAW0.3ljT6YAiVy9FHDvkcOb2yWxwIGzcMi',10000326,'megan326@gmail.com',_binary '','Megan','megan326','DNI',2),(327,'Cain','$2a$10$8k29uvv4/W6mNmBqJfAW0.3ljT6YAiVy9FHDvkcOb2yWxwIGzcMi',10000327,'raymond327@gmail.com',_binary '','Raymond','raymond327','DNI',2),(328,'Roberts','$2a$10$8k29uvv4/W6mNmBqJfAW0.3ljT6YAiVy9FHDvkcOb2yWxwIGzcMi',10000328,'leslie328@gmail.com',_binary '','Leslie','leslie328','DNI',2),(329,'Grant','$2a$10$8k29uvv4/W6mNmBqJfAW0.3ljT6YAiVy9FHDvkcOb2yWxwIGzcMi',10000329,'jasmine329@gmail.com',_binary '','Jasmine','jasmine329','DNI',2),(330,'Ponce','$2a$10$8k29uvv4/W6mNmBqJfAW0.3ljT6YAiVy9FHDvkcOb2yWxwIGzcMi',10000330,'ryan330@gmail.com',_binary '','Ryan','ryan330','DNI',2),(331,'Brown','$2a$10$8k29uvv4/W6mNmBqJfAW0.3ljT6YAiVy9FHDvkcOb2yWxwIGzcMi',10000331,'michael331@gmail.com',_binary '','Michael','michael331','DNI',2),(332,'Doyle','$2a$10$8k29uvv4/W6mNmBqJfAW0.3ljT6YAiVy9FHDvkcOb2yWxwIGzcMi',10000332,'david332@gmail.com',_binary '','David','david332','DNI',2),(333,'Wright','$2a$10$8k29uvv4/W6mNmBqJfAW0.3ljT6YAiVy9FHDvkcOb2yWxwIGzcMi',10000333,'michelle333@gmail.com',_binary '','Michelle','michelle333','DNI',2),(334,'Martin','$2a$10$8k29uvv4/W6mNmBqJfAW0.3ljT6YAiVy9FHDvkcOb2yWxwIGzcMi',10000334,'mary334@gmail.com',_binary '','Mary','mary334','DNI',2),(335,'Crosby','$2a$10$8k29uvv4/W6mNmBqJfAW0.3ljT6YAiVy9FHDvkcOb2yWxwIGzcMi',10000335,'adrian335@gmail.com',_binary '','Adrian','adrian335','DNI',2),(336,'Owen','$2a$10$8k29uvv4/W6mNmBqJfAW0.3ljT6YAiVy9FHDvkcOb2yWxwIGzcMi',10000336,'dylan336@gmail.com',_binary '','Dylan','dylan336','DNI',2),(337,'Summers','$2a$10$8k29uvv4/W6mNmBqJfAW0.3ljT6YAiVy9FHDvkcOb2yWxwIGzcMi',10000337,'jonathan337@gmail.com',_binary '','Jonathan','jonathan337','DNI',2),(338,'Cantrell','$2a$10$8k29uvv4/W6mNmBqJfAW0.3ljT6YAiVy9FHDvkcOb2yWxwIGzcMi',10000338,'stephanie338@gmail.com',_binary '','Stephanie','stephanie338','DNI',2),(339,'Huff','$2a$10$8k29uvv4/W6mNmBqJfAW0.3ljT6YAiVy9FHDvkcOb2yWxwIGzcMi',10000339,'jeffrey339@gmail.com',_binary '','Jeffrey','jeffrey339','DNI',2),(340,'Jones','$2a$10$8k29uvv4/W6mNmBqJfAW0.3ljT6YAiVy9FHDvkcOb2yWxwIGzcMi',10000340,'jessica340@gmail.com',_binary '','Jessica','jessica340','DNI',2),(341,'Cooke','$2a$10$8k29uvv4/W6mNmBqJfAW0.3ljT6YAiVy9FHDvkcOb2yWxwIGzcMi',10000341,'john341@gmail.com',_binary '','John','john341','DNI',2),(342,'Kemp','$2a$10$8k29uvv4/W6mNmBqJfAW0.3ljT6YAiVy9FHDvkcOb2yWxwIGzcMi',10000342,'thomas342@gmail.com',_binary '','Thomas','thomas342','DNI',2),(343,'Dodson','$2a$10$8k29uvv4/W6mNmBqJfAW0.3ljT6YAiVy9FHDvkcOb2yWxwIGzcMi',10000343,'jesse343@gmail.com',_binary '','Jesse','jesse343','DNI',2),(344,'Baker','$2a$10$8k29uvv4/W6mNmBqJfAW0.3ljT6YAiVy9FHDvkcOb2yWxwIGzcMi',10000344,'charlene344@gmail.com',_binary '','Charlene','charlene344','DNI',2),(345,'Phillips','$2a$10$8k29uvv4/W6mNmBqJfAW0.3ljT6YAiVy9FHDvkcOb2yWxwIGzcMi',10000345,'angela345@gmail.com',_binary '','Angela','angela345','DNI',2),(346,'Johnson','$2a$10$8k29uvv4/W6mNmBqJfAW0.3ljT6YAiVy9FHDvkcOb2yWxwIGzcMi',10000346,'alexis346@gmail.com',_binary '','Alexis','alexis346','DNI',2),(347,'Lopez','$2a$10$8k29uvv4/W6mNmBqJfAW0.3ljT6YAiVy9FHDvkcOb2yWxwIGzcMi',10000347,'heather347@gmail.com',_binary '','Heather','heather347','DNI',2),(348,'Stewart','$2a$10$8k29uvv4/W6mNmBqJfAW0.3ljT6YAiVy9FHDvkcOb2yWxwIGzcMi',10000348,'robert348@gmail.com',_binary '','Robert','robert348','DNI',2),(349,'Morgan','$2a$10$8k29uvv4/W6mNmBqJfAW0.3ljT6YAiVy9FHDvkcOb2yWxwIGzcMi',10000349,'stephanie349@gmail.com',_binary '','Stephanie','stephanie349','DNI',2),(350,'Smith','$2a$10$8k29uvv4/W6mNmBqJfAW0.3ljT6YAiVy9FHDvkcOb2yWxwIGzcMi',10000350,'april350@gmail.com',_binary '','April','april350','DNI',2),(351,'Vargas','$2a$10$8k29uvv4/W6mNmBqJfAW0.3ljT6YAiVy9FHDvkcOb2yWxwIGzcMi',10000351,'katie351@gmail.com',_binary '','Katie','katie351','DNI',2),(352,'Evans','$2a$10$8k29uvv4/W6mNmBqJfAW0.3ljT6YAiVy9FHDvkcOb2yWxwIGzcMi',10000352,'karen352@gmail.com',_binary '','Karen','karen352','DNI',2),(353,'Chase','$2a$10$8k29uvv4/W6mNmBqJfAW0.3ljT6YAiVy9FHDvkcOb2yWxwIGzcMi',10000353,'angela353@gmail.com',_binary '','Angela','angela353','DNI',2),(354,'Foster','$2a$10$8k29uvv4/W6mNmBqJfAW0.3ljT6YAiVy9FHDvkcOb2yWxwIGzcMi',10000354,'jorge354@gmail.com',_binary '','Jorge','jorge354','DNI',2),(355,'Harris','$2a$10$8k29uvv4/W6mNmBqJfAW0.3ljT6YAiVy9FHDvkcOb2yWxwIGzcMi',10000355,'jay355@gmail.com',_binary '','Jay','jay355','DNI',2),(356,'Greene','$2a$10$8k29uvv4/W6mNmBqJfAW0.3ljT6YAiVy9FHDvkcOb2yWxwIGzcMi',10000356,'jessica356@gmail.com',_binary '','Jessica','jessica356','DNI',2),(357,'Ferguson','$2a$10$8k29uvv4/W6mNmBqJfAW0.3ljT6YAiVy9FHDvkcOb2yWxwIGzcMi',10000357,'phillip357@gmail.com',_binary '','Phillip','phillip357','DNI',2),(358,'Rodgers','$2a$10$8k29uvv4/W6mNmBqJfAW0.3ljT6YAiVy9FHDvkcOb2yWxwIGzcMi',10000358,'tammy358@gmail.com',_binary '','Tammy','tammy358','DNI',2),(359,'Parker','$2a$10$8k29uvv4/W6mNmBqJfAW0.3ljT6YAiVy9FHDvkcOb2yWxwIGzcMi',10000359,'dana359@gmail.com',_binary '','Dana','dana359','DNI',2),(360,'Mueller','$2a$10$8k29uvv4/W6mNmBqJfAW0.3ljT6YAiVy9FHDvkcOb2yWxwIGzcMi',10000360,'thomas360@gmail.com',_binary '','Thomas','thomas360','DNI',2),(361,'Rivera','$2a$10$8k29uvv4/W6mNmBqJfAW0.3ljT6YAiVy9FHDvkcOb2yWxwIGzcMi',10000361,'albert361@gmail.com',_binary '','Albert','albert361','DNI',2),(362,'Johnson','$2a$10$8k29uvv4/W6mNmBqJfAW0.3ljT6YAiVy9FHDvkcOb2yWxwIGzcMi',10000362,'brandon362@gmail.com',_binary '','Brandon','brandon362','DNI',2),(363,'Lynch','$2a$10$8k29uvv4/W6mNmBqJfAW0.3ljT6YAiVy9FHDvkcOb2yWxwIGzcMi',10000363,'patrick363@gmail.com',_binary '','Patrick','patrick363','DNI',2),(364,'Martin','$2a$10$8k29uvv4/W6mNmBqJfAW0.3ljT6YAiVy9FHDvkcOb2yWxwIGzcMi',10000364,'brian364@gmail.com',_binary '','Brian','brian364','DNI',2),(365,'Smith','$2a$10$8k29uvv4/W6mNmBqJfAW0.3ljT6YAiVy9FHDvkcOb2yWxwIGzcMi',10000365,'jonathan365@gmail.com',_binary '','Jonathan','jonathan365','DNI',2),(366,'Morgan','$2a$10$8k29uvv4/W6mNmBqJfAW0.3ljT6YAiVy9FHDvkcOb2yWxwIGzcMi',10000366,'joseph366@gmail.com',_binary '','Joseph','joseph366','DNI',2),(367,'Greene','$2a$10$8k29uvv4/W6mNmBqJfAW0.3ljT6YAiVy9FHDvkcOb2yWxwIGzcMi',10000367,'dorothy367@gmail.com',_binary '','Dorothy','dorothy367','DNI',2),(368,'Roberts','$2a$10$8k29uvv4/W6mNmBqJfAW0.3ljT6YAiVy9FHDvkcOb2yWxwIGzcMi',10000368,'sandy368@gmail.com',_binary '','Sandy','sandy368','DNI',2),(369,'Moore','$2a$10$8k29uvv4/W6mNmBqJfAW0.3ljT6YAiVy9FHDvkcOb2yWxwIGzcMi',10000369,'brendan369@gmail.com',_binary '','Brendan','brendan369','DNI',2),(370,'Robinson','$2a$10$8k29uvv4/W6mNmBqJfAW0.3ljT6YAiVy9FHDvkcOb2yWxwIGzcMi',10000370,'michael370@gmail.com',_binary '','Michael','michael370','DNI',2),(371,'Fuller','$2a$10$8k29uvv4/W6mNmBqJfAW0.3ljT6YAiVy9FHDvkcOb2yWxwIGzcMi',10000371,'stephanie371@gmail.com',_binary '','Stephanie','stephanie371','DNI',2),(372,'Wiggins','$2a$10$8k29uvv4/W6mNmBqJfAW0.3ljT6YAiVy9FHDvkcOb2yWxwIGzcMi',10000372,'sarah372@gmail.com',_binary '','Sarah','sarah372','DNI',2),(373,'Haney','$2a$10$8k29uvv4/W6mNmBqJfAW0.3ljT6YAiVy9FHDvkcOb2yWxwIGzcMi',10000373,'jessica373@gmail.com',_binary '','Jessica','jessica373','DNI',2),(374,'Garcia','$2a$10$8k29uvv4/W6mNmBqJfAW0.3ljT6YAiVy9FHDvkcOb2yWxwIGzcMi',10000374,'kathleen374@gmail.com',_binary '','Kathleen','kathleen374','DNI',2),(375,'Smith','$2a$10$8k29uvv4/W6mNmBqJfAW0.3ljT6YAiVy9FHDvkcOb2yWxwIGzcMi',10000375,'mackenzie375@gmail.com',_binary '','Mackenzie','mackenzie375','DNI',2),(376,'Guerrero','$2a$10$8k29uvv4/W6mNmBqJfAW0.3ljT6YAiVy9FHDvkcOb2yWxwIGzcMi',10000376,'susan376@gmail.com',_binary '','Susan','susan376','DNI',2),(377,'Warner','$2a$10$8k29uvv4/W6mNmBqJfAW0.3ljT6YAiVy9FHDvkcOb2yWxwIGzcMi',10000377,'jon377@gmail.com',_binary '','Jon','jon377','DNI',2),(378,'Maldonado','$2a$10$8k29uvv4/W6mNmBqJfAW0.3ljT6YAiVy9FHDvkcOb2yWxwIGzcMi',10000378,'george378@gmail.com',_binary '','George','george378','DNI',2),(379,'Morris','$2a$10$8k29uvv4/W6mNmBqJfAW0.3ljT6YAiVy9FHDvkcOb2yWxwIGzcMi',10000379,'joshua379@gmail.com',_binary '','Joshua','joshua379','DNI',2),(380,'Yoder','$2a$10$8k29uvv4/W6mNmBqJfAW0.3ljT6YAiVy9FHDvkcOb2yWxwIGzcMi',10000380,'greg380@gmail.com',_binary '','Greg','greg380','DNI',2),(381,'Roberts','$2a$10$8k29uvv4/W6mNmBqJfAW0.3ljT6YAiVy9FHDvkcOb2yWxwIGzcMi',10000381,'amy381@gmail.com',_binary '','Amy','amy381','DNI',2),(382,'Ortega','$2a$10$8k29uvv4/W6mNmBqJfAW0.3ljT6YAiVy9FHDvkcOb2yWxwIGzcMi',10000382,'christopher382@gmail.com',_binary '','Christopher','christopher382','DNI',2),(383,'Chang','$2a$10$8k29uvv4/W6mNmBqJfAW0.3ljT6YAiVy9FHDvkcOb2yWxwIGzcMi',10000383,'michael383@gmail.com',_binary '','Michael','michael383','DNI',2),(384,'Fisher','$2a$10$8k29uvv4/W6mNmBqJfAW0.3ljT6YAiVy9FHDvkcOb2yWxwIGzcMi',10000384,'jackie384@gmail.com',_binary '','Jackie','jackie384','DNI',2),(385,'Rodriguez','$2a$10$8k29uvv4/W6mNmBqJfAW0.3ljT6YAiVy9FHDvkcOb2yWxwIGzcMi',10000385,'evelyn385@gmail.com',_binary '','Evelyn','evelyn385','DNI',2),(386,'Valdez','$2a$10$8k29uvv4/W6mNmBqJfAW0.3ljT6YAiVy9FHDvkcOb2yWxwIGzcMi',10000386,'michael386@gmail.com',_binary '','Michael','michael386','DNI',2),(387,'Wilson','$2a$10$8k29uvv4/W6mNmBqJfAW0.3ljT6YAiVy9FHDvkcOb2yWxwIGzcMi',10000387,'tamara387@gmail.com',_binary '','Tamara','tamara387','DNI',2),(388,'Page','$2a$10$8k29uvv4/W6mNmBqJfAW0.3ljT6YAiVy9FHDvkcOb2yWxwIGzcMi',10000388,'james388@gmail.com',_binary '','James','james388','DNI',2),(389,'Green','$2a$10$8k29uvv4/W6mNmBqJfAW0.3ljT6YAiVy9FHDvkcOb2yWxwIGzcMi',10000389,'kelli389@gmail.com',_binary '','Kelli','kelli389','DNI',2),(390,'Hughes','$2a$10$8k29uvv4/W6mNmBqJfAW0.3ljT6YAiVy9FHDvkcOb2yWxwIGzcMi',10000390,'cassandra390@gmail.com',_binary '','Cassandra','cassandra390','DNI',2),(391,'Andrade','$2a$10$8k29uvv4/W6mNmBqJfAW0.3ljT6YAiVy9FHDvkcOb2yWxwIGzcMi',10000391,'kyle391@gmail.com',_binary '','Kyle','kyle391','DNI',2),(392,'Nelson','$2a$10$8k29uvv4/W6mNmBqJfAW0.3ljT6YAiVy9FHDvkcOb2yWxwIGzcMi',10000392,'christopher392@gmail.com',_binary '','Christopher','christopher392','DNI',2),(393,'Wright','$2a$10$8k29uvv4/W6mNmBqJfAW0.3ljT6YAiVy9FHDvkcOb2yWxwIGzcMi',10000393,'april393@gmail.com',_binary '','April','april393','DNI',2),(394,'Koch','$2a$10$8k29uvv4/W6mNmBqJfAW0.3ljT6YAiVy9FHDvkcOb2yWxwIGzcMi',10000394,'chelsea394@gmail.com',_binary '','Chelsea','chelsea394','DNI',2),(395,'Shaffer','$2a$10$8k29uvv4/W6mNmBqJfAW0.3ljT6YAiVy9FHDvkcOb2yWxwIGzcMi',10000395,'patrick395@gmail.com',_binary '','Patrick','patrick395','DNI',2),(396,'Sutton','$2a$10$8k29uvv4/W6mNmBqJfAW0.3ljT6YAiVy9FHDvkcOb2yWxwIGzcMi',10000396,'tara396@gmail.com',_binary '','Tara','tara396','DNI',2),(397,'Cunningham','$2a$10$8k29uvv4/W6mNmBqJfAW0.3ljT6YAiVy9FHDvkcOb2yWxwIGzcMi',10000397,'wendy397@gmail.com',_binary '','Wendy','wendy397','DNI',2),(398,'Smith','$2a$10$8k29uvv4/W6mNmBqJfAW0.3ljT6YAiVy9FHDvkcOb2yWxwIGzcMi',10000398,'nancy398@gmail.com',_binary '','Nancy','nancy398','DNI',2),(399,'Peterson','$2a$10$8k29uvv4/W6mNmBqJfAW0.3ljT6YAiVy9FHDvkcOb2yWxwIGzcMi',10000399,'justin399@gmail.com',_binary '','Justin','justin399','DNI',2),(400,'Nash','$2a$10$8k29uvv4/W6mNmBqJfAW0.3ljT6YAiVy9FHDvkcOb2yWxwIGzcMi',10000400,'erika400@gmail.com',_binary '','Erika','erika400','DNI',2),(401,'Johnson','$2a$10$8k29uvv4/W6mNmBqJfAW0.3ljT6YAiVy9FHDvkcOb2yWxwIGzcMi',10000401,'nicholas401@gmail.com',_binary '','Nicholas','nicholas401','DNI',2),(402,'Taylor','$2a$10$8k29uvv4/W6mNmBqJfAW0.3ljT6YAiVy9FHDvkcOb2yWxwIGzcMi',10000402,'ricardo402@gmail.com',_binary '','Ricardo','ricardo402','DNI',2),(403,'Drake','$2a$10$8k29uvv4/W6mNmBqJfAW0.3ljT6YAiVy9FHDvkcOb2yWxwIGzcMi',10000403,'eric403@gmail.com',_binary '','Eric','eric403','DNI',2),(404,'Richardson','$2a$10$8k29uvv4/W6mNmBqJfAW0.3ljT6YAiVy9FHDvkcOb2yWxwIGzcMi',10000404,'christian404@gmail.com',_binary '','Christian','christian404','DNI',2),(405,'Stokes','$2a$10$8k29uvv4/W6mNmBqJfAW0.3ljT6YAiVy9FHDvkcOb2yWxwIGzcMi',10000405,'kathryn405@gmail.com',_binary '','Kathryn','kathryn405','DNI',2),(406,'Chen','$2a$10$8k29uvv4/W6mNmBqJfAW0.3ljT6YAiVy9FHDvkcOb2yWxwIGzcMi',10000406,'debra406@gmail.com',_binary '','Debra','debra406','DNI',2),(407,'Fernandez','$2a$10$8k29uvv4/W6mNmBqJfAW0.3ljT6YAiVy9FHDvkcOb2yWxwIGzcMi',10000407,'chelsea407@gmail.com',_binary '','Chelsea','chelsea407','DNI',2),(408,'Foster','$2a$10$8k29uvv4/W6mNmBqJfAW0.3ljT6YAiVy9FHDvkcOb2yWxwIGzcMi',10000408,'stephanie408@gmail.com',_binary '','Stephanie','stephanie408','DNI',2),(409,'Anderson','$2a$10$8k29uvv4/W6mNmBqJfAW0.3ljT6YAiVy9FHDvkcOb2yWxwIGzcMi',10000409,'robert409@gmail.com',_binary '','Robert','robert409','DNI',2),(410,'Olson','$2a$10$8k29uvv4/W6mNmBqJfAW0.3ljT6YAiVy9FHDvkcOb2yWxwIGzcMi',10000410,'julia410@gmail.com',_binary '','Julia','julia410','DNI',2),(411,'Jones','$2a$10$8k29uvv4/W6mNmBqJfAW0.3ljT6YAiVy9FHDvkcOb2yWxwIGzcMi',10000411,'andrew411@gmail.com',_binary '','Andrew','andrew411','DNI',2),(412,'Joseph','$2a$10$8k29uvv4/W6mNmBqJfAW0.3ljT6YAiVy9FHDvkcOb2yWxwIGzcMi',10000412,'melissa412@gmail.com',_binary '','Melissa','melissa412','DNI',2),(413,'Anderson','$2a$10$8k29uvv4/W6mNmBqJfAW0.3ljT6YAiVy9FHDvkcOb2yWxwIGzcMi',10000413,'robert413@gmail.com',_binary '','Robert','robert413','DNI',2),(414,'Mckenzie','$2a$10$8k29uvv4/W6mNmBqJfAW0.3ljT6YAiVy9FHDvkcOb2yWxwIGzcMi',10000414,'brandon414@gmail.com',_binary '','Brandon','brandon414','DNI',2),(415,'Martin','$2a$10$8k29uvv4/W6mNmBqJfAW0.3ljT6YAiVy9FHDvkcOb2yWxwIGzcMi',10000415,'mary415@gmail.com',_binary '','Mary','mary415','DNI',2),(416,'Dawson','$2a$10$8k29uvv4/W6mNmBqJfAW0.3ljT6YAiVy9FHDvkcOb2yWxwIGzcMi',10000416,'brandon416@gmail.com',_binary '','Brandon','brandon416','DNI',2),(417,'Hutchinson','$2a$10$8k29uvv4/W6mNmBqJfAW0.3ljT6YAiVy9FHDvkcOb2yWxwIGzcMi',10000417,'david417@gmail.com',_binary '','David','david417','DNI',2),(418,'Martinez','$2a$10$8k29uvv4/W6mNmBqJfAW0.3ljT6YAiVy9FHDvkcOb2yWxwIGzcMi',10000418,'jeremy418@gmail.com',_binary '','Jeremy','jeremy418','DNI',2),(419,'Zavala','$2a$10$8k29uvv4/W6mNmBqJfAW0.3ljT6YAiVy9FHDvkcOb2yWxwIGzcMi',10000419,'gerald419@gmail.com',_binary '','Gerald','gerald419','DNI',2),(420,'Macdonald','$2a$10$8k29uvv4/W6mNmBqJfAW0.3ljT6YAiVy9FHDvkcOb2yWxwIGzcMi',10000420,'dillon420@gmail.com',_binary '','Dillon','dillon420','DNI',2),(421,'Meyer','$2a$10$8k29uvv4/W6mNmBqJfAW0.3ljT6YAiVy9FHDvkcOb2yWxwIGzcMi',10000421,'kimberly421@gmail.com',_binary '','Kimberly','kimberly421','DNI',2),(422,'Brewer','$2a$10$8k29uvv4/W6mNmBqJfAW0.3ljT6YAiVy9FHDvkcOb2yWxwIGzcMi',10000422,'matthew422@gmail.com',_binary '','Matthew','matthew422','DNI',2),(423,'Edwards','$2a$10$8k29uvv4/W6mNmBqJfAW0.3ljT6YAiVy9FHDvkcOb2yWxwIGzcMi',10000423,'brooke423@gmail.com',_binary '','Brooke','brooke423','DNI',2),(424,'Brown','$2a$10$8k29uvv4/W6mNmBqJfAW0.3ljT6YAiVy9FHDvkcOb2yWxwIGzcMi',10000424,'travis424@gmail.com',_binary '','Travis','travis424','DNI',2),(425,'Carrillo','$2a$10$8k29uvv4/W6mNmBqJfAW0.3ljT6YAiVy9FHDvkcOb2yWxwIGzcMi',10000425,'vernon425@gmail.com',_binary '','Vernon','vernon425','DNI',2),(426,'Wright','$2a$10$8k29uvv4/W6mNmBqJfAW0.3ljT6YAiVy9FHDvkcOb2yWxwIGzcMi',10000426,'gary426@gmail.com',_binary '','Gary','gary426','DNI',2),(427,'Lopez','$2a$10$8k29uvv4/W6mNmBqJfAW0.3ljT6YAiVy9FHDvkcOb2yWxwIGzcMi',10000427,'joseph427@gmail.com',_binary '','Joseph','joseph427','DNI',2),(428,'Robertson','$2a$10$8k29uvv4/W6mNmBqJfAW0.3ljT6YAiVy9FHDvkcOb2yWxwIGzcMi',10000428,'brandi428@gmail.com',_binary '','Brandi','brandi428','DNI',2),(429,'Fitzpatrick','$2a$10$8k29uvv4/W6mNmBqJfAW0.3ljT6YAiVy9FHDvkcOb2yWxwIGzcMi',10000429,'rachel429@gmail.com',_binary '','Rachel','rachel429','DNI',2),(430,'Wright','$2a$10$8k29uvv4/W6mNmBqJfAW0.3ljT6YAiVy9FHDvkcOb2yWxwIGzcMi',10000430,'jonathan430@gmail.com',_binary '','Jonathan','jonathan430','DNI',2),(431,'Ward','$2a$10$8k29uvv4/W6mNmBqJfAW0.3ljT6YAiVy9FHDvkcOb2yWxwIGzcMi',10000431,'michelle431@gmail.com',_binary '','Michelle','michelle431','DNI',2),(432,'May','$2a$10$8k29uvv4/W6mNmBqJfAW0.3ljT6YAiVy9FHDvkcOb2yWxwIGzcMi',10000432,'victor432@gmail.com',_binary '','Victor','victor432','DNI',2),(433,'Rowe','$2a$10$8k29uvv4/W6mNmBqJfAW0.3ljT6YAiVy9FHDvkcOb2yWxwIGzcMi',10000433,'brandon433@gmail.com',_binary '','Brandon','brandon433','DNI',2),(434,'Jones','$2a$10$8k29uvv4/W6mNmBqJfAW0.3ljT6YAiVy9FHDvkcOb2yWxwIGzcMi',10000434,'melanie434@gmail.com',_binary '','Melanie','melanie434','DNI',2),(435,'Martin','$2a$10$8k29uvv4/W6mNmBqJfAW0.3ljT6YAiVy9FHDvkcOb2yWxwIGzcMi',10000435,'patricia435@gmail.com',_binary '','Patricia','patricia435','DNI',2),(436,'Lopez','$2a$10$8k29uvv4/W6mNmBqJfAW0.3ljT6YAiVy9FHDvkcOb2yWxwIGzcMi',10000436,'brandi436@gmail.com',_binary '','Brandi','brandi436','DNI',2),(437,'Wade','$2a$10$8k29uvv4/W6mNmBqJfAW0.3ljT6YAiVy9FHDvkcOb2yWxwIGzcMi',10000437,'ryan437@gmail.com',_binary '','Ryan','ryan437','DNI',2),(438,'Klein','$2a$10$8k29uvv4/W6mNmBqJfAW0.3ljT6YAiVy9FHDvkcOb2yWxwIGzcMi',10000438,'richard438@gmail.com',_binary '','Richard','richard438','DNI',2),(439,'Morgan','$2a$10$8k29uvv4/W6mNmBqJfAW0.3ljT6YAiVy9FHDvkcOb2yWxwIGzcMi',10000439,'victoria439@gmail.com',_binary '','Victoria','victoria439','DNI',2),(440,'Hahn','$2a$10$8k29uvv4/W6mNmBqJfAW0.3ljT6YAiVy9FHDvkcOb2yWxwIGzcMi',10000440,'jessica440@gmail.com',_binary '','Jessica','jessica440','DNI',2),(441,'Johnson','$2a$10$8k29uvv4/W6mNmBqJfAW0.3ljT6YAiVy9FHDvkcOb2yWxwIGzcMi',10000441,'amy441@gmail.com',_binary '','Amy','amy441','DNI',2),(442,'Ortiz','$2a$10$8k29uvv4/W6mNmBqJfAW0.3ljT6YAiVy9FHDvkcOb2yWxwIGzcMi',10000442,'monica442@gmail.com',_binary '','Monica','monica442','DNI',2),(443,'Patterson','$2a$10$8k29uvv4/W6mNmBqJfAW0.3ljT6YAiVy9FHDvkcOb2yWxwIGzcMi',10000443,'jamie443@gmail.com',_binary '','Jamie','jamie443','DNI',2),(444,'Bush','$2a$10$8k29uvv4/W6mNmBqJfAW0.3ljT6YAiVy9FHDvkcOb2yWxwIGzcMi',10000444,'margaret444@gmail.com',_binary '','Margaret','margaret444','DNI',2),(445,'Benson','$2a$10$8k29uvv4/W6mNmBqJfAW0.3ljT6YAiVy9FHDvkcOb2yWxwIGzcMi',10000445,'jack445@gmail.com',_binary '','Jack','jack445','DNI',2),(446,'Baker','$2a$10$8k29uvv4/W6mNmBqJfAW0.3ljT6YAiVy9FHDvkcOb2yWxwIGzcMi',10000446,'kelly446@gmail.com',_binary '','Kelly','kelly446','DNI',2),(447,'Davis','$2a$10$8k29uvv4/W6mNmBqJfAW0.3ljT6YAiVy9FHDvkcOb2yWxwIGzcMi',10000447,'monica447@gmail.com',_binary '','Monica','monica447','DNI',2),(448,'Cobb','$2a$10$8k29uvv4/W6mNmBqJfAW0.3ljT6YAiVy9FHDvkcOb2yWxwIGzcMi',10000448,'cameron448@gmail.com',_binary '','Cameron','cameron448','DNI',2),(449,'Montoya','$2a$10$8k29uvv4/W6mNmBqJfAW0.3ljT6YAiVy9FHDvkcOb2yWxwIGzcMi',10000449,'morgan449@gmail.com',_binary '','Morgan','morgan449','DNI',2),(450,'Hunt','$2a$10$8k29uvv4/W6mNmBqJfAW0.3ljT6YAiVy9FHDvkcOb2yWxwIGzcMi',10000450,'sara450@gmail.com',_binary '','Sara','sara450','DNI',2),(451,'Carroll','$2a$10$8k29uvv4/W6mNmBqJfAW0.3ljT6YAiVy9FHDvkcOb2yWxwIGzcMi',10000451,'andrew451@gmail.com',_binary '','Andrew','andrew451','DNI',2),(452,'Lee','$2a$10$8k29uvv4/W6mNmBqJfAW0.3ljT6YAiVy9FHDvkcOb2yWxwIGzcMi',10000452,'robert452@gmail.com',_binary '','Robert','robert452','DNI',2),(453,'Barnett','$2a$10$8k29uvv4/W6mNmBqJfAW0.3ljT6YAiVy9FHDvkcOb2yWxwIGzcMi',10000453,'rachael453@gmail.com',_binary '','Rachael','rachael453','DNI',2),(454,'Walker','$2a$10$8k29uvv4/W6mNmBqJfAW0.3ljT6YAiVy9FHDvkcOb2yWxwIGzcMi',10000454,'kerry454@gmail.com',_binary '','Kerry','kerry454','DNI',2),(455,'Blake','$2a$10$8k29uvv4/W6mNmBqJfAW0.3ljT6YAiVy9FHDvkcOb2yWxwIGzcMi',10000455,'brian455@gmail.com',_binary '','Brian','brian455','DNI',2),(456,'Reyes','$2a$10$8k29uvv4/W6mNmBqJfAW0.3ljT6YAiVy9FHDvkcOb2yWxwIGzcMi',10000456,'aaron456@gmail.com',_binary '','Aaron','aaron456','DNI',2),(457,'Miller','$2a$10$8k29uvv4/W6mNmBqJfAW0.3ljT6YAiVy9FHDvkcOb2yWxwIGzcMi',10000457,'elizabeth457@gmail.com',_binary '','Elizabeth','elizabeth457','DNI',2),(458,'Osborn','$2a$10$8k29uvv4/W6mNmBqJfAW0.3ljT6YAiVy9FHDvkcOb2yWxwIGzcMi',10000458,'scott458@gmail.com',_binary '','Scott','scott458','DNI',2),(459,'Stevens','$2a$10$8k29uvv4/W6mNmBqJfAW0.3ljT6YAiVy9FHDvkcOb2yWxwIGzcMi',10000459,'dakota459@gmail.com',_binary '','Dakota','dakota459','DNI',2),(460,'Marshall','$2a$10$8k29uvv4/W6mNmBqJfAW0.3ljT6YAiVy9FHDvkcOb2yWxwIGzcMi',10000460,'timothy460@gmail.com',_binary '','Timothy','timothy460','DNI',2),(461,'Brooks','$2a$10$8k29uvv4/W6mNmBqJfAW0.3ljT6YAiVy9FHDvkcOb2yWxwIGzcMi',10000461,'rebecca461@gmail.com',_binary '','Rebecca','rebecca461','DNI',2),(462,'Graham','$2a$10$8k29uvv4/W6mNmBqJfAW0.3ljT6YAiVy9FHDvkcOb2yWxwIGzcMi',10000462,'kyle462@gmail.com',_binary '','Kyle','kyle462','DNI',2),(463,'Conway','$2a$10$8k29uvv4/W6mNmBqJfAW0.3ljT6YAiVy9FHDvkcOb2yWxwIGzcMi',10000463,'michelle463@gmail.com',_binary '','Michelle','michelle463','DNI',2),(464,'Mendoza','$2a$10$8k29uvv4/W6mNmBqJfAW0.3ljT6YAiVy9FHDvkcOb2yWxwIGzcMi',10000464,'emily464@gmail.com',_binary '','Emily','emily464','DNI',2),(465,'Atkins','$2a$10$8k29uvv4/W6mNmBqJfAW0.3ljT6YAiVy9FHDvkcOb2yWxwIGzcMi',10000465,'keith465@gmail.com',_binary '','Keith','keith465','DNI',2),(466,'Coleman','$2a$10$8k29uvv4/W6mNmBqJfAW0.3ljT6YAiVy9FHDvkcOb2yWxwIGzcMi',10000466,'walter466@gmail.com',_binary '','Walter','walter466','DNI',2),(467,'Reyes','$2a$10$8k29uvv4/W6mNmBqJfAW0.3ljT6YAiVy9FHDvkcOb2yWxwIGzcMi',10000467,'emily467@gmail.com',_binary '','Emily','emily467','DNI',2),(468,'Williams','$2a$10$8k29uvv4/W6mNmBqJfAW0.3ljT6YAiVy9FHDvkcOb2yWxwIGzcMi',10000468,'john468@gmail.com',_binary '','John','john468','DNI',2),(469,'Holmes','$2a$10$8k29uvv4/W6mNmBqJfAW0.3ljT6YAiVy9FHDvkcOb2yWxwIGzcMi',10000469,'steven469@gmail.com',_binary '','Steven','steven469','DNI',2),(470,'Acosta','$2a$10$8k29uvv4/W6mNmBqJfAW0.3ljT6YAiVy9FHDvkcOb2yWxwIGzcMi',10000470,'karla470@gmail.com',_binary '','Karla','karla470','DNI',2),(471,'Joseph','$2a$10$8k29uvv4/W6mNmBqJfAW0.3ljT6YAiVy9FHDvkcOb2yWxwIGzcMi',10000471,'jacqueline471@gmail.com',_binary '','Jacqueline','jacqueline471','DNI',2),(472,'Edwards','$2a$10$8k29uvv4/W6mNmBqJfAW0.3ljT6YAiVy9FHDvkcOb2yWxwIGzcMi',10000472,'sarah472@gmail.com',_binary '','Sarah','sarah472','DNI',2),(473,'Gonzalez','$2a$10$8k29uvv4/W6mNmBqJfAW0.3ljT6YAiVy9FHDvkcOb2yWxwIGzcMi',10000473,'anna473@gmail.com',_binary '','Anna','anna473','DNI',2),(474,'Sharp','$2a$10$8k29uvv4/W6mNmBqJfAW0.3ljT6YAiVy9FHDvkcOb2yWxwIGzcMi',10000474,'alex474@gmail.com',_binary '','Alex','alex474','DNI',2),(475,'Barnes','$2a$10$8k29uvv4/W6mNmBqJfAW0.3ljT6YAiVy9FHDvkcOb2yWxwIGzcMi',10000475,'karen475@gmail.com',_binary '','Karen','karen475','DNI',2),(476,'Briggs','$2a$10$8k29uvv4/W6mNmBqJfAW0.3ljT6YAiVy9FHDvkcOb2yWxwIGzcMi',10000476,'justin476@gmail.com',_binary '','Justin','justin476','DNI',2),(477,'Butler','$2a$10$8k29uvv4/W6mNmBqJfAW0.3ljT6YAiVy9FHDvkcOb2yWxwIGzcMi',10000477,'andrew477@gmail.com',_binary '','Andrew','andrew477','DNI',2),(478,'Carter','$2a$10$8k29uvv4/W6mNmBqJfAW0.3ljT6YAiVy9FHDvkcOb2yWxwIGzcMi',10000478,'jonathan478@gmail.com',_binary '','Jonathan','jonathan478','DNI',2),(479,'Reed','$2a$10$8k29uvv4/W6mNmBqJfAW0.3ljT6YAiVy9FHDvkcOb2yWxwIGzcMi',10000479,'robert479@gmail.com',_binary '','Robert','robert479','DNI',2),(480,'Harrell','$2a$10$8k29uvv4/W6mNmBqJfAW0.3ljT6YAiVy9FHDvkcOb2yWxwIGzcMi',10000480,'jamie480@gmail.com',_binary '','Jamie','jamie480','DNI',2),(481,'Mccullough','$2a$10$8k29uvv4/W6mNmBqJfAW0.3ljT6YAiVy9FHDvkcOb2yWxwIGzcMi',10000481,'michael481@gmail.com',_binary '','Michael','michael481','DNI',2),(482,'Harrison','$2a$10$8k29uvv4/W6mNmBqJfAW0.3ljT6YAiVy9FHDvkcOb2yWxwIGzcMi',10000482,'lacey482@gmail.com',_binary '','Lacey','lacey482','DNI',2),(483,'Wiley','$2a$10$8k29uvv4/W6mNmBqJfAW0.3ljT6YAiVy9FHDvkcOb2yWxwIGzcMi',10000483,'jennifer483@gmail.com',_binary '','Jennifer','jennifer483','DNI',2),(484,'Garrett','$2a$10$8k29uvv4/W6mNmBqJfAW0.3ljT6YAiVy9FHDvkcOb2yWxwIGzcMi',10000484,'robert484@gmail.com',_binary '','Robert','robert484','DNI',2),(485,'Martinez','$2a$10$8k29uvv4/W6mNmBqJfAW0.3ljT6YAiVy9FHDvkcOb2yWxwIGzcMi',10000485,'christopher485@gmail.com',_binary '','Christopher','christopher485','DNI',2),(486,'Green','$2a$10$8k29uvv4/W6mNmBqJfAW0.3ljT6YAiVy9FHDvkcOb2yWxwIGzcMi',10000486,'melissa486@gmail.com',_binary '','Melissa','melissa486','DNI',2),(487,'Mckinney','$2a$10$8k29uvv4/W6mNmBqJfAW0.3ljT6YAiVy9FHDvkcOb2yWxwIGzcMi',10000487,'mary487@gmail.com',_binary '','Mary','mary487','DNI',2),(488,'Shea','$2a$10$8k29uvv4/W6mNmBqJfAW0.3ljT6YAiVy9FHDvkcOb2yWxwIGzcMi',10000488,'amanda488@gmail.com',_binary '','Amanda','amanda488','DNI',2),(489,'Williams','$2a$10$8k29uvv4/W6mNmBqJfAW0.3ljT6YAiVy9FHDvkcOb2yWxwIGzcMi',10000489,'madison489@gmail.com',_binary '','Madison','madison489','DNI',2),(490,'Miller','$2a$10$8k29uvv4/W6mNmBqJfAW0.3ljT6YAiVy9FHDvkcOb2yWxwIGzcMi',10000490,'sergio490@gmail.com',_binary '','Sergio','sergio490','DNI',2),(491,'Watson','$2a$10$8k29uvv4/W6mNmBqJfAW0.3ljT6YAiVy9FHDvkcOb2yWxwIGzcMi',10000491,'jessica491@gmail.com',_binary '','Jessica','jessica491','DNI',2),(492,'Ford','$2a$10$8k29uvv4/W6mNmBqJfAW0.3ljT6YAiVy9FHDvkcOb2yWxwIGzcMi',10000492,'tom492@gmail.com',_binary '','Tom','tom492','DNI',2),(493,'Chavez','$2a$10$8k29uvv4/W6mNmBqJfAW0.3ljT6YAiVy9FHDvkcOb2yWxwIGzcMi',10000493,'tara493@gmail.com',_binary '','Tara','tara493','DNI',2),(494,'Murphy','$2a$10$8k29uvv4/W6mNmBqJfAW0.3ljT6YAiVy9FHDvkcOb2yWxwIGzcMi',10000494,'allen494@gmail.com',_binary '','Allen','allen494','DNI',2),(495,'Oliver','$2a$10$8k29uvv4/W6mNmBqJfAW0.3ljT6YAiVy9FHDvkcOb2yWxwIGzcMi',10000495,'sierra495@gmail.com',_binary '','Sierra','sierra495','DNI',2),(496,'Evans','$2a$10$8k29uvv4/W6mNmBqJfAW0.3ljT6YAiVy9FHDvkcOb2yWxwIGzcMi',10000496,'benjamin496@gmail.com',_binary '','Benjamin','benjamin496','DNI',2),(497,'Taylor','$2a$10$8k29uvv4/W6mNmBqJfAW0.3ljT6YAiVy9FHDvkcOb2yWxwIGzcMi',10000497,'hannah497@gmail.com',_binary '','Hannah','hannah497','DNI',2),(498,'Kim','$2a$10$8k29uvv4/W6mNmBqJfAW0.3ljT6YAiVy9FHDvkcOb2yWxwIGzcMi',10000498,'connor498@gmail.com',_binary '','Connor','connor498','DNI',2),(499,'Thompson','$2a$10$8k29uvv4/W6mNmBqJfAW0.3ljT6YAiVy9FHDvkcOb2yWxwIGzcMi',10000499,'kimberly499@gmail.com',_binary '','Kimberly','kimberly499','DNI',2),(500,'Weaver','$2a$10$8k29uvv4/W6mNmBqJfAW0.3ljT6YAiVy9FHDvkcOb2yWxwIGzcMi',10000500,'john500@gmail.com',_binary '','John','john500','DNI',2),(501,'Parks','$2a$10$8k29uvv4/W6mNmBqJfAW0.3ljT6YAiVy9FHDvkcOb2yWxwIGzcMi',10000501,'lori501@gmail.com',_binary '','Lori','lori501','DNI',2),(502,'Patel','$2a$10$8k29uvv4/W6mNmBqJfAW0.3ljT6YAiVy9FHDvkcOb2yWxwIGzcMi',10000502,'albert502@gmail.com',_binary '','Albert','albert502','DNI',2),(503,'Daniels','$2a$10$8k29uvv4/W6mNmBqJfAW0.3ljT6YAiVy9FHDvkcOb2yWxwIGzcMi',10000503,'danny503@gmail.com',_binary '','Danny','danny503','DNI',2),(504,'Villegas','$2a$10$8k29uvv4/W6mNmBqJfAW0.3ljT6YAiVy9FHDvkcOb2yWxwIGzcMi',10000504,'pamela504@gmail.com',_binary '','Pamela','pamela504','DNI',2),(505,'Torres','$2a$10$8k29uvv4/W6mNmBqJfAW0.3ljT6YAiVy9FHDvkcOb2yWxwIGzcMi',10000505,'amy505@gmail.com',_binary '','Amy','amy505','DNI',2),(506,'Martinez','$2a$10$8k29uvv4/W6mNmBqJfAW0.3ljT6YAiVy9FHDvkcOb2yWxwIGzcMi',10000506,'nancy506@gmail.com',_binary '','Nancy','nancy506','DNI',2),(507,'Walton','$2a$10$8k29uvv4/W6mNmBqJfAW0.3ljT6YAiVy9FHDvkcOb2yWxwIGzcMi',10000507,'douglas507@gmail.com',_binary '','Douglas','douglas507','DNI',2),(508,'White','$2a$10$8k29uvv4/W6mNmBqJfAW0.3ljT6YAiVy9FHDvkcOb2yWxwIGzcMi',10000508,'david508@gmail.com',_binary '','David','david508','DNI',2),(509,'Hudson','$2a$10$8k29uvv4/W6mNmBqJfAW0.3ljT6YAiVy9FHDvkcOb2yWxwIGzcMi',10000509,'holly509@gmail.com',_binary '','Holly','holly509','DNI',2),(510,'Escobar','$2a$10$8k29uvv4/W6mNmBqJfAW0.3ljT6YAiVy9FHDvkcOb2yWxwIGzcMi',10000510,'daniel510@gmail.com',_binary '','Daniel','daniel510','DNI',2),(511,'Obrien','$2a$10$8k29uvv4/W6mNmBqJfAW0.3ljT6YAiVy9FHDvkcOb2yWxwIGzcMi',10000511,'jay511@gmail.com',_binary '','Jay','jay511','DNI',2),(512,'Reynolds','$2a$10$8k29uvv4/W6mNmBqJfAW0.3ljT6YAiVy9FHDvkcOb2yWxwIGzcMi',10000512,'dustin512@gmail.com',_binary '','Dustin','dustin512','DNI',2),(513,'Mcbride','$2a$10$8k29uvv4/W6mNmBqJfAW0.3ljT6YAiVy9FHDvkcOb2yWxwIGzcMi',10000513,'nicholas513@gmail.com',_binary '','Nicholas','nicholas513','DNI',2),(514,'Davis','$2a$10$8k29uvv4/W6mNmBqJfAW0.3ljT6YAiVy9FHDvkcOb2yWxwIGzcMi',10000514,'donald514@gmail.com',_binary '','Donald','donald514','DNI',2),(515,'Williams','$2a$10$8k29uvv4/W6mNmBqJfAW0.3ljT6YAiVy9FHDvkcOb2yWxwIGzcMi',10000515,'zachary515@gmail.com',_binary '','Zachary','zachary515','DNI',2),(516,'Lawrence','$2a$10$8k29uvv4/W6mNmBqJfAW0.3ljT6YAiVy9FHDvkcOb2yWxwIGzcMi',10000516,'charles516@gmail.com',_binary '','Charles','charles516','DNI',2),(517,'Stewart','$2a$10$8k29uvv4/W6mNmBqJfAW0.3ljT6YAiVy9FHDvkcOb2yWxwIGzcMi',10000517,'michael517@gmail.com',_binary '','Michael','michael517','DNI',2),(518,'Doyle','$2a$10$8k29uvv4/W6mNmBqJfAW0.3ljT6YAiVy9FHDvkcOb2yWxwIGzcMi',10000518,'debra518@gmail.com',_binary '','Debra','debra518','DNI',2),(519,'Meyer','$2a$10$8k29uvv4/W6mNmBqJfAW0.3ljT6YAiVy9FHDvkcOb2yWxwIGzcMi',10000519,'kimberly519@gmail.com',_binary '','Kimberly','kimberly519','DNI',2),(520,'Chavez','$2a$10$8k29uvv4/W6mNmBqJfAW0.3ljT6YAiVy9FHDvkcOb2yWxwIGzcMi',10000520,'jacqueline520@gmail.com',_binary '','Jacqueline','jacqueline520','DNI',2),(521,'Scott','$2a$10$8k29uvv4/W6mNmBqJfAW0.3ljT6YAiVy9FHDvkcOb2yWxwIGzcMi',10000521,'brian521@gmail.com',_binary '','Brian','brian521','DNI',2),(522,'Bonilla','$2a$10$8k29uvv4/W6mNmBqJfAW0.3ljT6YAiVy9FHDvkcOb2yWxwIGzcMi',10000522,'edward522@gmail.com',_binary '','Edward','edward522','DNI',2),(523,'Hill','$2a$10$8k29uvv4/W6mNmBqJfAW0.3ljT6YAiVy9FHDvkcOb2yWxwIGzcMi',10000523,'charles523@gmail.com',_binary '','Charles','charles523','DNI',2),(524,'Williams','$2a$10$8k29uvv4/W6mNmBqJfAW0.3ljT6YAiVy9FHDvkcOb2yWxwIGzcMi',10000524,'michael524@gmail.com',_binary '','Michael','michael524','DNI',2),(525,'Scott','$2a$10$8k29uvv4/W6mNmBqJfAW0.3ljT6YAiVy9FHDvkcOb2yWxwIGzcMi',10000525,'jessica525@gmail.com',_binary '','Jessica','jessica525','DNI',2),(526,'Stout','$2a$10$8k29uvv4/W6mNmBqJfAW0.3ljT6YAiVy9FHDvkcOb2yWxwIGzcMi',10000526,'douglas526@gmail.com',_binary '','Douglas','douglas526','DNI',2),(527,'Herrera','$2a$10$8k29uvv4/W6mNmBqJfAW0.3ljT6YAiVy9FHDvkcOb2yWxwIGzcMi',10000527,'rhonda527@gmail.com',_binary '','Rhonda','rhonda527','DNI',2),(528,'Valenzuela','$2a$10$8k29uvv4/W6mNmBqJfAW0.3ljT6YAiVy9FHDvkcOb2yWxwIGzcMi',10000528,'brandon528@gmail.com',_binary '','Brandon','brandon528','DNI',2),(529,'Vaughn','$2a$10$8k29uvv4/W6mNmBqJfAW0.3ljT6YAiVy9FHDvkcOb2yWxwIGzcMi',10000529,'sandra529@gmail.com',_binary '','Sandra','sandra529','DNI',2),(530,'Underwood','$2a$10$8k29uvv4/W6mNmBqJfAW0.3ljT6YAiVy9FHDvkcOb2yWxwIGzcMi',10000530,'mitchell530@gmail.com',_binary '','Mitchell','mitchell530','DNI',2),(531,'Myers','$2a$10$8k29uvv4/W6mNmBqJfAW0.3ljT6YAiVy9FHDvkcOb2yWxwIGzcMi',10000531,'joshua531@gmail.com',_binary '','Joshua','joshua531','DNI',2),(532,'Pacheco','$2a$10$8k29uvv4/W6mNmBqJfAW0.3ljT6YAiVy9FHDvkcOb2yWxwIGzcMi',10000532,'jesse532@gmail.com',_binary '','Jesse','jesse532','DNI',2),(533,'Fitzgerald','$2a$10$8k29uvv4/W6mNmBqJfAW0.3ljT6YAiVy9FHDvkcOb2yWxwIGzcMi',10000533,'joel533@gmail.com',_binary '','Joel','joel533','DNI',2),(534,'Riley','$2a$10$8k29uvv4/W6mNmBqJfAW0.3ljT6YAiVy9FHDvkcOb2yWxwIGzcMi',10000534,'judy534@gmail.com',_binary '','Judy','judy534','DNI',2),(535,'Levy','$2a$10$8k29uvv4/W6mNmBqJfAW0.3ljT6YAiVy9FHDvkcOb2yWxwIGzcMi',10000535,'jennifer535@gmail.com',_binary '','Jennifer','jennifer535','DNI',2),(536,'Reeves','$2a$10$8k29uvv4/W6mNmBqJfAW0.3ljT6YAiVy9FHDvkcOb2yWxwIGzcMi',10000536,'ann536@gmail.com',_binary '','Ann','ann536','DNI',2),(537,'Smith','$2a$10$8k29uvv4/W6mNmBqJfAW0.3ljT6YAiVy9FHDvkcOb2yWxwIGzcMi',10000537,'brenda537@gmail.com',_binary '','Brenda','brenda537','DNI',2),(538,'Carter','$2a$10$8k29uvv4/W6mNmBqJfAW0.3ljT6YAiVy9FHDvkcOb2yWxwIGzcMi',10000538,'megan538@gmail.com',_binary '','Megan','megan538','DNI',2),(539,'Huber','$2a$10$8k29uvv4/W6mNmBqJfAW0.3ljT6YAiVy9FHDvkcOb2yWxwIGzcMi',10000539,'jeffrey539@gmail.com',_binary '','Jeffrey','jeffrey539','DNI',2),(540,'Davis','$2a$10$8k29uvv4/W6mNmBqJfAW0.3ljT6YAiVy9FHDvkcOb2yWxwIGzcMi',10000540,'james540@gmail.com',_binary '','James','james540','DNI',2),(541,'Patton','$2a$10$8k29uvv4/W6mNmBqJfAW0.3ljT6YAiVy9FHDvkcOb2yWxwIGzcMi',10000541,'thomas541@gmail.com',_binary '','Thomas','thomas541','DNI',2),(542,'Holmes','$2a$10$8k29uvv4/W6mNmBqJfAW0.3ljT6YAiVy9FHDvkcOb2yWxwIGzcMi',10000542,'todd542@gmail.com',_binary '','Todd','todd542','DNI',2),(543,'Rodriguez','$2a$10$8k29uvv4/W6mNmBqJfAW0.3ljT6YAiVy9FHDvkcOb2yWxwIGzcMi',10000543,'erin543@gmail.com',_binary '','Erin','erin543','DNI',2),(544,'Kelley','$2a$10$8k29uvv4/W6mNmBqJfAW0.3ljT6YAiVy9FHDvkcOb2yWxwIGzcMi',10000544,'justin544@gmail.com',_binary '','Justin','justin544','DNI',2),(545,'Boyer','$2a$10$8k29uvv4/W6mNmBqJfAW0.3ljT6YAiVy9FHDvkcOb2yWxwIGzcMi',10000545,'joe545@gmail.com',_binary '','Joe','joe545','DNI',2),(546,'Campbell','$2a$10$8k29uvv4/W6mNmBqJfAW0.3ljT6YAiVy9FHDvkcOb2yWxwIGzcMi',10000546,'rachel546@gmail.com',_binary '','Rachel','rachel546','DNI',2),(547,'Montoya','$2a$10$8k29uvv4/W6mNmBqJfAW0.3ljT6YAiVy9FHDvkcOb2yWxwIGzcMi',10000547,'felicia547@gmail.com',_binary '','Felicia','felicia547','DNI',2),(548,'Thompson','$2a$10$8k29uvv4/W6mNmBqJfAW0.3ljT6YAiVy9FHDvkcOb2yWxwIGzcMi',10000548,'ronald548@gmail.com',_binary '','Ronald','ronald548','DNI',2),(549,'Stone','$2a$10$8k29uvv4/W6mNmBqJfAW0.3ljT6YAiVy9FHDvkcOb2yWxwIGzcMi',10000549,'seth549@gmail.com',_binary '','Seth','seth549','DNI',2),(550,'Moore','$2a$10$8k29uvv4/W6mNmBqJfAW0.3ljT6YAiVy9FHDvkcOb2yWxwIGzcMi',10000550,'jennifer550@gmail.com',_binary '','Jennifer','jennifer550','DNI',2),(551,'Chan','$2a$10$8k29uvv4/W6mNmBqJfAW0.3ljT6YAiVy9FHDvkcOb2yWxwIGzcMi',10000551,'sheila551@gmail.com',_binary '','Sheila','sheila551','DNI',2),(552,'Cameron','$2a$10$8k29uvv4/W6mNmBqJfAW0.3ljT6YAiVy9FHDvkcOb2yWxwIGzcMi',10000552,'eric552@gmail.com',_binary '','Eric','eric552','DNI',2),(553,'Davis','$2a$10$8k29uvv4/W6mNmBqJfAW0.3ljT6YAiVy9FHDvkcOb2yWxwIGzcMi',10000553,'beverly553@gmail.com',_binary '','Beverly','beverly553','DNI',2),(554,'Cain','$2a$10$8k29uvv4/W6mNmBqJfAW0.3ljT6YAiVy9FHDvkcOb2yWxwIGzcMi',10000554,'christy554@gmail.com',_binary '','Christy','christy554','DNI',2),(555,'Lucero','$2a$10$8k29uvv4/W6mNmBqJfAW0.3ljT6YAiVy9FHDvkcOb2yWxwIGzcMi',10000555,'roy555@gmail.com',_binary '','Roy','roy555','DNI',2),(556,'Bird','$2a$10$8k29uvv4/W6mNmBqJfAW0.3ljT6YAiVy9FHDvkcOb2yWxwIGzcMi',10000556,'sean556@gmail.com',_binary '','Sean','sean556','DNI',2),(557,'Butler','$2a$10$8k29uvv4/W6mNmBqJfAW0.3ljT6YAiVy9FHDvkcOb2yWxwIGzcMi',10000557,'kelly557@gmail.com',_binary '','Kelly','kelly557','DNI',2),(558,'Cordova','$2a$10$8k29uvv4/W6mNmBqJfAW0.3ljT6YAiVy9FHDvkcOb2yWxwIGzcMi',10000558,'jennifer558@gmail.com',_binary '','Jennifer','jennifer558','DNI',2),(559,'Hughes','$2a$10$8k29uvv4/W6mNmBqJfAW0.3ljT6YAiVy9FHDvkcOb2yWxwIGzcMi',10000559,'ashley559@gmail.com',_binary '','Ashley','ashley559','DNI',2),(560,'Hawkins','$2a$10$8k29uvv4/W6mNmBqJfAW0.3ljT6YAiVy9FHDvkcOb2yWxwIGzcMi',10000560,'sarah560@gmail.com',_binary '','Sarah','sarah560','DNI',2),(561,'Brown','$2a$10$8k29uvv4/W6mNmBqJfAW0.3ljT6YAiVy9FHDvkcOb2yWxwIGzcMi',10000561,'john561@gmail.com',_binary '','John','john561','DNI',2),(562,'Phelps','$2a$10$8k29uvv4/W6mNmBqJfAW0.3ljT6YAiVy9FHDvkcOb2yWxwIGzcMi',10000562,'edgar562@gmail.com',_binary '','Edgar','edgar562','DNI',2),(563,'Skinner','$2a$10$8k29uvv4/W6mNmBqJfAW0.3ljT6YAiVy9FHDvkcOb2yWxwIGzcMi',10000563,'ricky563@gmail.com',_binary '','Ricky','ricky563','DNI',2),(564,'Mcintosh','$2a$10$8k29uvv4/W6mNmBqJfAW0.3ljT6YAiVy9FHDvkcOb2yWxwIGzcMi',10000564,'christopher564@gmail.com',_binary '','Christopher','christopher564','DNI',2),(565,'Bradshaw','$2a$10$8k29uvv4/W6mNmBqJfAW0.3ljT6YAiVy9FHDvkcOb2yWxwIGzcMi',10000565,'angela565@gmail.com',_binary '','Angela','angela565','DNI',2),(566,'Gutierrez','$2a$10$8k29uvv4/W6mNmBqJfAW0.3ljT6YAiVy9FHDvkcOb2yWxwIGzcMi',10000566,'debbie566@gmail.com',_binary '','Debbie','debbie566','DNI',2),(567,'Ortiz','$2a$10$8k29uvv4/W6mNmBqJfAW0.3ljT6YAiVy9FHDvkcOb2yWxwIGzcMi',10000567,'jaime567@gmail.com',_binary '','Jaime','jaime567','DNI',2),(568,'Morgan','$2a$10$8k29uvv4/W6mNmBqJfAW0.3ljT6YAiVy9FHDvkcOb2yWxwIGzcMi',10000568,'tyler568@gmail.com',_binary '','Tyler','tyler568','DNI',2),(569,'Barnes','$2a$10$8k29uvv4/W6mNmBqJfAW0.3ljT6YAiVy9FHDvkcOb2yWxwIGzcMi',10000569,'kimberly569@gmail.com',_binary '','Kimberly','kimberly569','DNI',2),(570,'Duran','$2a$10$8k29uvv4/W6mNmBqJfAW0.3ljT6YAiVy9FHDvkcOb2yWxwIGzcMi',10000570,'brandon570@gmail.com',_binary '','Brandon','brandon570','DNI',2),(571,'Thompson','$2a$10$8k29uvv4/W6mNmBqJfAW0.3ljT6YAiVy9FHDvkcOb2yWxwIGzcMi',10000571,'hector571@gmail.com',_binary '','Hector','hector571','DNI',2),(572,'Holmes','$2a$10$8k29uvv4/W6mNmBqJfAW0.3ljT6YAiVy9FHDvkcOb2yWxwIGzcMi',10000572,'madeline572@gmail.com',_binary '','Madeline','madeline572','DNI',2),(573,'Jacobs','$2a$10$8k29uvv4/W6mNmBqJfAW0.3ljT6YAiVy9FHDvkcOb2yWxwIGzcMi',10000573,'james573@gmail.com',_binary '','James','james573','DNI',2),(574,'Ortiz','$2a$10$8k29uvv4/W6mNmBqJfAW0.3ljT6YAiVy9FHDvkcOb2yWxwIGzcMi',10000574,'james574@gmail.com',_binary '','James','james574','DNI',2),(575,'Washington','$2a$10$8k29uvv4/W6mNmBqJfAW0.3ljT6YAiVy9FHDvkcOb2yWxwIGzcMi',10000575,'sandra575@gmail.com',_binary '','Sandra','sandra575','DNI',2),(576,'Bennett','$2a$10$8k29uvv4/W6mNmBqJfAW0.3ljT6YAiVy9FHDvkcOb2yWxwIGzcMi',10000576,'jonathon576@gmail.com',_binary '','Jonathon','jonathon576','DNI',2),(577,'Santos','$2a$10$8k29uvv4/W6mNmBqJfAW0.3ljT6YAiVy9FHDvkcOb2yWxwIGzcMi',10000577,'jay577@gmail.com',_binary '','Jay','jay577','DNI',2),(578,'Powell','$2a$10$8k29uvv4/W6mNmBqJfAW0.3ljT6YAiVy9FHDvkcOb2yWxwIGzcMi',10000578,'patricia578@gmail.com',_binary '','Patricia','patricia578','DNI',2),(579,'Miller','$2a$10$8k29uvv4/W6mNmBqJfAW0.3ljT6YAiVy9FHDvkcOb2yWxwIGzcMi',10000579,'justin579@gmail.com',_binary '','Justin','justin579','DNI',2),(580,'Wolf','$2a$10$8k29uvv4/W6mNmBqJfAW0.3ljT6YAiVy9FHDvkcOb2yWxwIGzcMi',10000580,'melissa580@gmail.com',_binary '','Melissa','melissa580','DNI',2),(581,'Bennett','$2a$10$8k29uvv4/W6mNmBqJfAW0.3ljT6YAiVy9FHDvkcOb2yWxwIGzcMi',10000581,'timothy581@gmail.com',_binary '','Timothy','timothy581','DNI',2),(582,'Fuller','$2a$10$8k29uvv4/W6mNmBqJfAW0.3ljT6YAiVy9FHDvkcOb2yWxwIGzcMi',10000582,'tamara582@gmail.com',_binary '','Tamara','tamara582','DNI',2),(583,'Bentley','$2a$10$8k29uvv4/W6mNmBqJfAW0.3ljT6YAiVy9FHDvkcOb2yWxwIGzcMi',10000583,'jill583@gmail.com',_binary '','Jill','jill583','DNI',2),(584,'Hernandez','$2a$10$8k29uvv4/W6mNmBqJfAW0.3ljT6YAiVy9FHDvkcOb2yWxwIGzcMi',10000584,'michael584@gmail.com',_binary '','Michael','michael584','DNI',2),(585,'Hull','$2a$10$8k29uvv4/W6mNmBqJfAW0.3ljT6YAiVy9FHDvkcOb2yWxwIGzcMi',10000585,'leonard585@gmail.com',_binary '','Leonard','leonard585','DNI',2),(586,'Gonzalez','$2a$10$8k29uvv4/W6mNmBqJfAW0.3ljT6YAiVy9FHDvkcOb2yWxwIGzcMi',10000586,'meredith586@gmail.com',_binary '','Meredith','meredith586','DNI',2),(587,'Dixon','$2a$10$8k29uvv4/W6mNmBqJfAW0.3ljT6YAiVy9FHDvkcOb2yWxwIGzcMi',10000587,'kurt587@gmail.com',_binary '','Kurt','kurt587','DNI',2),(588,'Swanson','$2a$10$8k29uvv4/W6mNmBqJfAW0.3ljT6YAiVy9FHDvkcOb2yWxwIGzcMi',10000588,'jennifer588@gmail.com',_binary '','Jennifer','jennifer588','DNI',2),(589,'Medina','$2a$10$8k29uvv4/W6mNmBqJfAW0.3ljT6YAiVy9FHDvkcOb2yWxwIGzcMi',10000589,'robert589@gmail.com',_binary '','Robert','robert589','DNI',2),(590,'Tran','$2a$10$8k29uvv4/W6mNmBqJfAW0.3ljT6YAiVy9FHDvkcOb2yWxwIGzcMi',10000590,'jennifer590@gmail.com',_binary '','Jennifer','jennifer590','DNI',2),(591,'Fisher','$2a$10$8k29uvv4/W6mNmBqJfAW0.3ljT6YAiVy9FHDvkcOb2yWxwIGzcMi',10000591,'donna591@gmail.com',_binary '','Donna','donna591','DNI',2),(592,'Fuller','$2a$10$8k29uvv4/W6mNmBqJfAW0.3ljT6YAiVy9FHDvkcOb2yWxwIGzcMi',10000592,'joshua592@gmail.com',_binary '','Joshua','joshua592','DNI',2),(593,'Winters','$2a$10$8k29uvv4/W6mNmBqJfAW0.3ljT6YAiVy9FHDvkcOb2yWxwIGzcMi',10000593,'michael593@gmail.com',_binary '','Michael','michael593','DNI',2),(594,'Giles','$2a$10$8k29uvv4/W6mNmBqJfAW0.3ljT6YAiVy9FHDvkcOb2yWxwIGzcMi',10000594,'christine594@gmail.com',_binary '','Christine','christine594','DNI',2),(595,'Esparza','$2a$10$8k29uvv4/W6mNmBqJfAW0.3ljT6YAiVy9FHDvkcOb2yWxwIGzcMi',10000595,'albert595@gmail.com',_binary '','Albert','albert595','DNI',2),(596,'Kirk','$2a$10$8k29uvv4/W6mNmBqJfAW0.3ljT6YAiVy9FHDvkcOb2yWxwIGzcMi',10000596,'rebekah596@gmail.com',_binary '','Rebekah','rebekah596','DNI',2),(597,'Hernandez','$2a$10$8k29uvv4/W6mNmBqJfAW0.3ljT6YAiVy9FHDvkcOb2yWxwIGzcMi',10000597,'brandon597@gmail.com',_binary '','Brandon','brandon597','DNI',2),(598,'Montoya','$2a$10$8k29uvv4/W6mNmBqJfAW0.3ljT6YAiVy9FHDvkcOb2yWxwIGzcMi',10000598,'chelsea598@gmail.com',_binary '','Chelsea','chelsea598','DNI',2),(599,'Glass','$2a$10$8k29uvv4/W6mNmBqJfAW0.3ljT6YAiVy9FHDvkcOb2yWxwIGzcMi',10000599,'christian599@gmail.com',_binary '','Christian','christian599','DNI',2),(600,'Silva','$2a$10$8k29uvv4/W6mNmBqJfAW0.3ljT6YAiVy9FHDvkcOb2yWxwIGzcMi',10000600,'kathleen600@gmail.com',_binary '','Kathleen','kathleen600','DNI',2),(601,'Montgomery','$2a$10$8k29uvv4/W6mNmBqJfAW0.3ljT6YAiVy9FHDvkcOb2yWxwIGzcMi',10000601,'caroline601@gmail.com',_binary '','Caroline','caroline601','DNI',2),(602,'Crawford','$2a$10$8k29uvv4/W6mNmBqJfAW0.3ljT6YAiVy9FHDvkcOb2yWxwIGzcMi',10000602,'cassandra602@gmail.com',_binary '','Cassandra','cassandra602','DNI',2),(603,'Gilbert','$2a$10$8k29uvv4/W6mNmBqJfAW0.3ljT6YAiVy9FHDvkcOb2yWxwIGzcMi',10000603,'andre603@gmail.com',_binary '','Andre','andre603','DNI',2),(604,'Swanson','$2a$10$8k29uvv4/W6mNmBqJfAW0.3ljT6YAiVy9FHDvkcOb2yWxwIGzcMi',10000604,'karen604@gmail.com',_binary '','Karen','karen604','DNI',2),(605,'Davis','$2a$10$8k29uvv4/W6mNmBqJfAW0.3ljT6YAiVy9FHDvkcOb2yWxwIGzcMi',10000605,'ellen605@gmail.com',_binary '','Ellen','ellen605','DNI',2),(606,'Stone','$2a$10$8k29uvv4/W6mNmBqJfAW0.3ljT6YAiVy9FHDvkcOb2yWxwIGzcMi',10000606,'pamela606@gmail.com',_binary '','Pamela','pamela606','DNI',2),(607,'Delgado','$2a$10$8k29uvv4/W6mNmBqJfAW0.3ljT6YAiVy9FHDvkcOb2yWxwIGzcMi',10000607,'caitlin607@gmail.com',_binary '','Caitlin','caitlin607','DNI',2),(608,'Mcdonald','$2a$10$8k29uvv4/W6mNmBqJfAW0.3ljT6YAiVy9FHDvkcOb2yWxwIGzcMi',10000608,'rhonda608@gmail.com',_binary '','Rhonda','rhonda608','DNI',2),(609,'Wilkinson','$2a$10$8k29uvv4/W6mNmBqJfAW0.3ljT6YAiVy9FHDvkcOb2yWxwIGzcMi',10000609,'nathan609@gmail.com',_binary '','Nathan','nathan609','DNI',2),(610,'Castro','$2a$10$8k29uvv4/W6mNmBqJfAW0.3ljT6YAiVy9FHDvkcOb2yWxwIGzcMi',10000610,'mary610@gmail.com',_binary '','Mary','mary610','DNI',2),(611,'Martinez','$2a$10$8k29uvv4/W6mNmBqJfAW0.3ljT6YAiVy9FHDvkcOb2yWxwIGzcMi',10000611,'thomas611@gmail.com',_binary '','Thomas','thomas611','DNI',2),(612,'Schneider','$2a$10$8k29uvv4/W6mNmBqJfAW0.3ljT6YAiVy9FHDvkcOb2yWxwIGzcMi',10000612,'isaac612@gmail.com',_binary '','Isaac','isaac612','DNI',2),(613,'Brown','$2a$10$8k29uvv4/W6mNmBqJfAW0.3ljT6YAiVy9FHDvkcOb2yWxwIGzcMi',10000613,'alexandra613@gmail.com',_binary '','Alexandra','alexandra613','DNI',2),(614,'Trevino','$2a$10$8k29uvv4/W6mNmBqJfAW0.3ljT6YAiVy9FHDvkcOb2yWxwIGzcMi',10000614,'douglas614@gmail.com',_binary '','Douglas','douglas614','DNI',2),(615,'Crosby','$2a$10$8k29uvv4/W6mNmBqJfAW0.3ljT6YAiVy9FHDvkcOb2yWxwIGzcMi',10000615,'michelle615@gmail.com',_binary '','Michelle','michelle615','DNI',2),(616,'Sims','$2a$10$8k29uvv4/W6mNmBqJfAW0.3ljT6YAiVy9FHDvkcOb2yWxwIGzcMi',10000616,'todd616@gmail.com',_binary '','Todd','todd616','DNI',2),(617,'King','$2a$10$8k29uvv4/W6mNmBqJfAW0.3ljT6YAiVy9FHDvkcOb2yWxwIGzcMi',10000617,'sophia617@gmail.com',_binary '','Sophia','sophia617','DNI',2),(618,'Gibbs','$2a$10$8k29uvv4/W6mNmBqJfAW0.3ljT6YAiVy9FHDvkcOb2yWxwIGzcMi',10000618,'dustin618@gmail.com',_binary '','Dustin','dustin618','DNI',2),(619,'James','$2a$10$8k29uvv4/W6mNmBqJfAW0.3ljT6YAiVy9FHDvkcOb2yWxwIGzcMi',10000619,'brian619@gmail.com',_binary '','Brian','brian619','DNI',2),(620,'Duran','$2a$10$8k29uvv4/W6mNmBqJfAW0.3ljT6YAiVy9FHDvkcOb2yWxwIGzcMi',10000620,'tyler620@gmail.com',_binary '','Tyler','tyler620','DNI',2),(621,'Harrell','$2a$10$8k29uvv4/W6mNmBqJfAW0.3ljT6YAiVy9FHDvkcOb2yWxwIGzcMi',10000621,'timothy621@gmail.com',_binary '','Timothy','timothy621','DNI',2),(622,'Moore','$2a$10$8k29uvv4/W6mNmBqJfAW0.3ljT6YAiVy9FHDvkcOb2yWxwIGzcMi',10000622,'heather622@gmail.com',_binary '','Heather','heather622','DNI',2),(623,'Mcbride','$2a$10$8k29uvv4/W6mNmBqJfAW0.3ljT6YAiVy9FHDvkcOb2yWxwIGzcMi',10000623,'arthur623@gmail.com',_binary '','Arthur','arthur623','DNI',2),(624,'Ramirez','$2a$10$8k29uvv4/W6mNmBqJfAW0.3ljT6YAiVy9FHDvkcOb2yWxwIGzcMi',10000624,'lisa624@gmail.com',_binary '','Lisa','lisa624','DNI',2),(625,'Woods','$2a$10$8k29uvv4/W6mNmBqJfAW0.3ljT6YAiVy9FHDvkcOb2yWxwIGzcMi',10000625,'christina625@gmail.com',_binary '','Christina','christina625','DNI',2),(626,'Huber','$2a$10$8k29uvv4/W6mNmBqJfAW0.3ljT6YAiVy9FHDvkcOb2yWxwIGzcMi',10000626,'kimberly626@gmail.com',_binary '','Kimberly','kimberly626','DNI',2),(627,'Sullivan','$2a$10$8k29uvv4/W6mNmBqJfAW0.3ljT6YAiVy9FHDvkcOb2yWxwIGzcMi',10000627,'laura627@gmail.com',_binary '','Laura','laura627','DNI',2),(628,'Boyer','$2a$10$8k29uvv4/W6mNmBqJfAW0.3ljT6YAiVy9FHDvkcOb2yWxwIGzcMi',10000628,'rebecca628@gmail.com',_binary '','Rebecca','rebecca628','DNI',2),(629,'Macias','$2a$10$8k29uvv4/W6mNmBqJfAW0.3ljT6YAiVy9FHDvkcOb2yWxwIGzcMi',10000629,'elizabeth629@gmail.com',_binary '','Elizabeth','elizabeth629','DNI',2),(630,'Price','$2a$10$8k29uvv4/W6mNmBqJfAW0.3ljT6YAiVy9FHDvkcOb2yWxwIGzcMi',10000630,'dennis630@gmail.com',_binary '','Dennis','dennis630','DNI',2),(631,'Nelson','$2a$10$8k29uvv4/W6mNmBqJfAW0.3ljT6YAiVy9FHDvkcOb2yWxwIGzcMi',10000631,'michelle631@gmail.com',_binary '','Michelle','michelle631','DNI',2),(632,'Robinson','$2a$10$8k29uvv4/W6mNmBqJfAW0.3ljT6YAiVy9FHDvkcOb2yWxwIGzcMi',10000632,'donna632@gmail.com',_binary '','Donna','donna632','DNI',2),(633,'Taylor','$2a$10$8k29uvv4/W6mNmBqJfAW0.3ljT6YAiVy9FHDvkcOb2yWxwIGzcMi',10000633,'mackenzie633@gmail.com',_binary '','Mackenzie','mackenzie633','DNI',2),(634,'Oconnor','$2a$10$8k29uvv4/W6mNmBqJfAW0.3ljT6YAiVy9FHDvkcOb2yWxwIGzcMi',10000634,'nancy634@gmail.com',_binary '','Nancy','nancy634','DNI',2),(635,'Fitzgerald','$2a$10$8k29uvv4/W6mNmBqJfAW0.3ljT6YAiVy9FHDvkcOb2yWxwIGzcMi',10000635,'james635@gmail.com',_binary '','James','james635','DNI',2),(636,'Franklin','$2a$10$8k29uvv4/W6mNmBqJfAW0.3ljT6YAiVy9FHDvkcOb2yWxwIGzcMi',10000636,'jenny636@gmail.com',_binary '','Jenny','jenny636','DNI',2),(637,'Peterson','$2a$10$8k29uvv4/W6mNmBqJfAW0.3ljT6YAiVy9FHDvkcOb2yWxwIGzcMi',10000637,'dana637@gmail.com',_binary '','Dana','dana637','DNI',2),(638,'Brandt','$2a$10$8k29uvv4/W6mNmBqJfAW0.3ljT6YAiVy9FHDvkcOb2yWxwIGzcMi',10000638,'jennifer638@gmail.com',_binary '','Jennifer','jennifer638','DNI',2),(639,'Sanders','$2a$10$8k29uvv4/W6mNmBqJfAW0.3ljT6YAiVy9FHDvkcOb2yWxwIGzcMi',10000639,'kyle639@gmail.com',_binary '','Kyle','kyle639','DNI',2),(640,'Burns','$2a$10$8k29uvv4/W6mNmBqJfAW0.3ljT6YAiVy9FHDvkcOb2yWxwIGzcMi',10000640,'jamie640@gmail.com',_binary '','Jamie','jamie640','DNI',2),(641,'Murray','$2a$10$8k29uvv4/W6mNmBqJfAW0.3ljT6YAiVy9FHDvkcOb2yWxwIGzcMi',10000641,'timothy641@gmail.com',_binary '','Timothy','timothy641','DNI',2),(642,'Wilson','$2a$10$8k29uvv4/W6mNmBqJfAW0.3ljT6YAiVy9FHDvkcOb2yWxwIGzcMi',10000642,'krista642@gmail.com',_binary '','Krista','krista642','DNI',2),(643,'Wise','$2a$10$8k29uvv4/W6mNmBqJfAW0.3ljT6YAiVy9FHDvkcOb2yWxwIGzcMi',10000643,'alyssa643@gmail.com',_binary '','Alyssa','alyssa643','DNI',2),(644,'Newman','$2a$10$8k29uvv4/W6mNmBqJfAW0.3ljT6YAiVy9FHDvkcOb2yWxwIGzcMi',10000644,'christopher644@gmail.com',_binary '','Christopher','christopher644','DNI',2),(645,'Werner','$2a$10$8k29uvv4/W6mNmBqJfAW0.3ljT6YAiVy9FHDvkcOb2yWxwIGzcMi',10000645,'jason645@gmail.com',_binary '','Jason','jason645','DNI',2),(646,'Krueger','$2a$10$8k29uvv4/W6mNmBqJfAW0.3ljT6YAiVy9FHDvkcOb2yWxwIGzcMi',10000646,'katelyn646@gmail.com',_binary '','Katelyn','katelyn646','DNI',2),(647,'Shaw','$2a$10$8k29uvv4/W6mNmBqJfAW0.3ljT6YAiVy9FHDvkcOb2yWxwIGzcMi',10000647,'brianna647@gmail.com',_binary '','Brianna','brianna647','DNI',2),(648,'Martinez','$2a$10$8k29uvv4/W6mNmBqJfAW0.3ljT6YAiVy9FHDvkcOb2yWxwIGzcMi',10000648,'francis648@gmail.com',_binary '','Francis','francis648','DNI',2),(649,'Mathews','$2a$10$8k29uvv4/W6mNmBqJfAW0.3ljT6YAiVy9FHDvkcOb2yWxwIGzcMi',10000649,'christopher649@gmail.com',_binary '','Christopher','christopher649','DNI',2),(650,'Randolph','$2a$10$8k29uvv4/W6mNmBqJfAW0.3ljT6YAiVy9FHDvkcOb2yWxwIGzcMi',10000650,'allen650@gmail.com',_binary '','Allen','allen650','DNI',2),(651,'Parker','$2a$10$8k29uvv4/W6mNmBqJfAW0.3ljT6YAiVy9FHDvkcOb2yWxwIGzcMi',10000651,'kristin651@gmail.com',_binary '','Kristin','kristin651','DNI',2),(652,'Woods','$2a$10$8k29uvv4/W6mNmBqJfAW0.3ljT6YAiVy9FHDvkcOb2yWxwIGzcMi',10000652,'denise652@gmail.com',_binary '','Denise','denise652','DNI',2),(653,'Carter','$2a$10$8k29uvv4/W6mNmBqJfAW0.3ljT6YAiVy9FHDvkcOb2yWxwIGzcMi',10000653,'brandon653@gmail.com',_binary '','Brandon','brandon653','DNI',2),(654,'Hays','$2a$10$8k29uvv4/W6mNmBqJfAW0.3ljT6YAiVy9FHDvkcOb2yWxwIGzcMi',10000654,'anne654@gmail.com',_binary '','Anne','anne654','DNI',2),(655,'Johnson','$2a$10$8k29uvv4/W6mNmBqJfAW0.3ljT6YAiVy9FHDvkcOb2yWxwIGzcMi',10000655,'dean655@gmail.com',_binary '','Dean','dean655','DNI',2),(656,'Fuller','$2a$10$8k29uvv4/W6mNmBqJfAW0.3ljT6YAiVy9FHDvkcOb2yWxwIGzcMi',10000656,'joshua656@gmail.com',_binary '','Joshua','joshua656','DNI',2),(657,'Allen','$2a$10$8k29uvv4/W6mNmBqJfAW0.3ljT6YAiVy9FHDvkcOb2yWxwIGzcMi',10000657,'thomas657@gmail.com',_binary '','Thomas','thomas657','DNI',2),(658,'Shannon','$2a$10$8k29uvv4/W6mNmBqJfAW0.3ljT6YAiVy9FHDvkcOb2yWxwIGzcMi',10000658,'denise658@gmail.com',_binary '','Denise','denise658','DNI',2),(659,'Hall','$2a$10$8k29uvv4/W6mNmBqJfAW0.3ljT6YAiVy9FHDvkcOb2yWxwIGzcMi',10000659,'joseph659@gmail.com',_binary '','Joseph','joseph659','DNI',2),(660,'Ramirez','$2a$10$8k29uvv4/W6mNmBqJfAW0.3ljT6YAiVy9FHDvkcOb2yWxwIGzcMi',10000660,'barbara660@gmail.com',_binary '','Barbara','barbara660','DNI',2),(661,'Jenkins','$2a$10$8k29uvv4/W6mNmBqJfAW0.3ljT6YAiVy9FHDvkcOb2yWxwIGzcMi',10000661,'brooke661@gmail.com',_binary '','Brooke','brooke661','DNI',2),(662,'Reid','$2a$10$8k29uvv4/W6mNmBqJfAW0.3ljT6YAiVy9FHDvkcOb2yWxwIGzcMi',10000662,'jennifer662@gmail.com',_binary '','Jennifer','jennifer662','DNI',2),(663,'Daniel','$2a$10$8k29uvv4/W6mNmBqJfAW0.3ljT6YAiVy9FHDvkcOb2yWxwIGzcMi',10000663,'michelle663@gmail.com',_binary '','Michelle','michelle663','DNI',2),(664,'Perez','$2a$10$8k29uvv4/W6mNmBqJfAW0.3ljT6YAiVy9FHDvkcOb2yWxwIGzcMi',10000664,'stephen664@gmail.com',_binary '','Stephen','stephen664','DNI',2),(665,'Barton','$2a$10$8k29uvv4/W6mNmBqJfAW0.3ljT6YAiVy9FHDvkcOb2yWxwIGzcMi',10000665,'joseph665@gmail.com',_binary '','Joseph','joseph665','DNI',2),(666,'Clark','$2a$10$8k29uvv4/W6mNmBqJfAW0.3ljT6YAiVy9FHDvkcOb2yWxwIGzcMi',10000666,'dennis666@gmail.com',_binary '','Dennis','dennis666','DNI',2),(667,'Baker','$2a$10$8k29uvv4/W6mNmBqJfAW0.3ljT6YAiVy9FHDvkcOb2yWxwIGzcMi',10000667,'nicole667@gmail.com',_binary '','Nicole','nicole667','DNI',2),(668,'Velazquez','$2a$10$8k29uvv4/W6mNmBqJfAW0.3ljT6YAiVy9FHDvkcOb2yWxwIGzcMi',10000668,'beth668@gmail.com',_binary '','Beth','beth668','DNI',2),(669,'Bradley','$2a$10$8k29uvv4/W6mNmBqJfAW0.3ljT6YAiVy9FHDvkcOb2yWxwIGzcMi',10000669,'jasmine669@gmail.com',_binary '','Jasmine','jasmine669','DNI',2),(670,'Kim','$2a$10$8k29uvv4/W6mNmBqJfAW0.3ljT6YAiVy9FHDvkcOb2yWxwIGzcMi',10000670,'nancy670@gmail.com',_binary '','Nancy','nancy670','DNI',2),(671,'Kim','$2a$10$8k29uvv4/W6mNmBqJfAW0.3ljT6YAiVy9FHDvkcOb2yWxwIGzcMi',10000671,'richard671@gmail.com',_binary '','Richard','richard671','DNI',2),(672,'Wade','$2a$10$8k29uvv4/W6mNmBqJfAW0.3ljT6YAiVy9FHDvkcOb2yWxwIGzcMi',10000672,'randy672@gmail.com',_binary '','Randy','randy672','DNI',2),(673,'Clark','$2a$10$8k29uvv4/W6mNmBqJfAW0.3ljT6YAiVy9FHDvkcOb2yWxwIGzcMi',10000673,'cindy673@gmail.com',_binary '','Cindy','cindy673','DNI',2),(674,'Frost','$2a$10$8k29uvv4/W6mNmBqJfAW0.3ljT6YAiVy9FHDvkcOb2yWxwIGzcMi',10000674,'daniel674@gmail.com',_binary '','Daniel','daniel674','DNI',2),(675,'Lopez','$2a$10$8k29uvv4/W6mNmBqJfAW0.3ljT6YAiVy9FHDvkcOb2yWxwIGzcMi',10000675,'evelyn675@gmail.com',_binary '','Evelyn','evelyn675','DNI',2),(676,'Hall','$2a$10$8k29uvv4/W6mNmBqJfAW0.3ljT6YAiVy9FHDvkcOb2yWxwIGzcMi',10000676,'christina676@gmail.com',_binary '','Christina','christina676','DNI',2),(677,'Jordan','$2a$10$8k29uvv4/W6mNmBqJfAW0.3ljT6YAiVy9FHDvkcOb2yWxwIGzcMi',10000677,'mark677@gmail.com',_binary '','Mark','mark677','DNI',2),(678,'Bush','$2a$10$8k29uvv4/W6mNmBqJfAW0.3ljT6YAiVy9FHDvkcOb2yWxwIGzcMi',10000678,'jonathan678@gmail.com',_binary '','Jonathan','jonathan678','DNI',2),(679,'Graham','$2a$10$8k29uvv4/W6mNmBqJfAW0.3ljT6YAiVy9FHDvkcOb2yWxwIGzcMi',10000679,'john679@gmail.com',_binary '','John','john679','DNI',2),(680,'Johnson','$2a$10$8k29uvv4/W6mNmBqJfAW0.3ljT6YAiVy9FHDvkcOb2yWxwIGzcMi',10000680,'julie680@gmail.com',_binary '','Julie','julie680','DNI',2),(681,'Meza','$2a$10$8k29uvv4/W6mNmBqJfAW0.3ljT6YAiVy9FHDvkcOb2yWxwIGzcMi',10000681,'catherine681@gmail.com',_binary '','Catherine','catherine681','DNI',2),(682,'Drake','$2a$10$8k29uvv4/W6mNmBqJfAW0.3ljT6YAiVy9FHDvkcOb2yWxwIGzcMi',10000682,'kevin682@gmail.com',_binary '','Kevin','kevin682','DNI',2),(683,'Valdez','$2a$10$8k29uvv4/W6mNmBqJfAW0.3ljT6YAiVy9FHDvkcOb2yWxwIGzcMi',10000683,'rodney683@gmail.com',_binary '','Rodney','rodney683','DNI',2),(684,'Mora','$2a$10$8k29uvv4/W6mNmBqJfAW0.3ljT6YAiVy9FHDvkcOb2yWxwIGzcMi',10000684,'carmen684@gmail.com',_binary '','Carmen','carmen684','DNI',2),(685,'Thompson','$2a$10$8k29uvv4/W6mNmBqJfAW0.3ljT6YAiVy9FHDvkcOb2yWxwIGzcMi',10000685,'carol685@gmail.com',_binary '','Carol','carol685','DNI',2),(686,'Acosta','$2a$10$8k29uvv4/W6mNmBqJfAW0.3ljT6YAiVy9FHDvkcOb2yWxwIGzcMi',10000686,'david686@gmail.com',_binary '','David','david686','DNI',2),(687,'Romero','$2a$10$8k29uvv4/W6mNmBqJfAW0.3ljT6YAiVy9FHDvkcOb2yWxwIGzcMi',10000687,'robert687@gmail.com',_binary '','Robert','robert687','DNI',2),(688,'Gray','$2a$10$8k29uvv4/W6mNmBqJfAW0.3ljT6YAiVy9FHDvkcOb2yWxwIGzcMi',10000688,'charles688@gmail.com',_binary '','Charles','charles688','DNI',2),(689,'Freeman','$2a$10$8k29uvv4/W6mNmBqJfAW0.3ljT6YAiVy9FHDvkcOb2yWxwIGzcMi',10000689,'drew689@gmail.com',_binary '','Drew','drew689','DNI',2),(690,'Neal','$2a$10$8k29uvv4/W6mNmBqJfAW0.3ljT6YAiVy9FHDvkcOb2yWxwIGzcMi',10000690,'mandy690@gmail.com',_binary '','Mandy','mandy690','DNI',2),(691,'Chase','$2a$10$8k29uvv4/W6mNmBqJfAW0.3ljT6YAiVy9FHDvkcOb2yWxwIGzcMi',10000691,'pamela691@gmail.com',_binary '','Pamela','pamela691','DNI',2),(692,'Peterson','$2a$10$8k29uvv4/W6mNmBqJfAW0.3ljT6YAiVy9FHDvkcOb2yWxwIGzcMi',10000692,'diane692@gmail.com',_binary '','Diane','diane692','DNI',2),(693,'Stephens','$2a$10$8k29uvv4/W6mNmBqJfAW0.3ljT6YAiVy9FHDvkcOb2yWxwIGzcMi',10000693,'lisa693@gmail.com',_binary '','Lisa','lisa693','DNI',2),(694,'Harris','$2a$10$8k29uvv4/W6mNmBqJfAW0.3ljT6YAiVy9FHDvkcOb2yWxwIGzcMi',10000694,'kristen694@gmail.com',_binary '','Kristen','kristen694','DNI',2),(695,'Norman','$2a$10$8k29uvv4/W6mNmBqJfAW0.3ljT6YAiVy9FHDvkcOb2yWxwIGzcMi',10000695,'pamela695@gmail.com',_binary '','Pamela','pamela695','DNI',2),(696,'Jones','$2a$10$8k29uvv4/W6mNmBqJfAW0.3ljT6YAiVy9FHDvkcOb2yWxwIGzcMi',10000696,'eric696@gmail.com',_binary '','Eric','eric696','DNI',2),(697,'Clark','$2a$10$8k29uvv4/W6mNmBqJfAW0.3ljT6YAiVy9FHDvkcOb2yWxwIGzcMi',10000697,'cassandra697@gmail.com',_binary '','Cassandra','cassandra697','DNI',2),(698,'Moon','$2a$10$8k29uvv4/W6mNmBqJfAW0.3ljT6YAiVy9FHDvkcOb2yWxwIGzcMi',10000698,'don698@gmail.com',_binary '','Don','don698','DNI',2),(699,'Gilbert','$2a$10$8k29uvv4/W6mNmBqJfAW0.3ljT6YAiVy9FHDvkcOb2yWxwIGzcMi',10000699,'zachary699@gmail.com',_binary '','Zachary','zachary699','DNI',2),(700,'Dean','$2a$10$8k29uvv4/W6mNmBqJfAW0.3ljT6YAiVy9FHDvkcOb2yWxwIGzcMi',10000700,'marie700@gmail.com',_binary '','Marie','marie700','DNI',2),(701,'Fox','$2a$10$8k29uvv4/W6mNmBqJfAW0.3ljT6YAiVy9FHDvkcOb2yWxwIGzcMi',10000701,'willie701@gmail.com',_binary '','Willie','willie701','DNI',2),(702,'Richardson','$2a$10$8k29uvv4/W6mNmBqJfAW0.3ljT6YAiVy9FHDvkcOb2yWxwIGzcMi',10000702,'kendra702@gmail.com',_binary '','Kendra','kendra702','DNI',2),(703,'Gilbert','$2a$10$8k29uvv4/W6mNmBqJfAW0.3ljT6YAiVy9FHDvkcOb2yWxwIGzcMi',10000703,'richard703@gmail.com',_binary '','Richard','richard703','DNI',2),(704,'Matthews','$2a$10$8k29uvv4/W6mNmBqJfAW0.3ljT6YAiVy9FHDvkcOb2yWxwIGzcMi',10000704,'richard704@gmail.com',_binary '','Richard','richard704','DNI',2),(705,'Powers','$2a$10$8k29uvv4/W6mNmBqJfAW0.3ljT6YAiVy9FHDvkcOb2yWxwIGzcMi',10000705,'terri705@gmail.com',_binary '','Terri','terri705','DNI',2),(706,'Navarro','$2a$10$8k29uvv4/W6mNmBqJfAW0.3ljT6YAiVy9FHDvkcOb2yWxwIGzcMi',10000706,'victoria706@gmail.com',_binary '','Victoria','victoria706','DNI',2),(707,'Hughes','$2a$10$8k29uvv4/W6mNmBqJfAW0.3ljT6YAiVy9FHDvkcOb2yWxwIGzcMi',10000707,'michelle707@gmail.com',_binary '','Michelle','michelle707','DNI',2),(708,'Poole','$2a$10$8k29uvv4/W6mNmBqJfAW0.3ljT6YAiVy9FHDvkcOb2yWxwIGzcMi',10000708,'brian708@gmail.com',_binary '','Brian','brian708','DNI',2),(709,'Burns','$2a$10$8k29uvv4/W6mNmBqJfAW0.3ljT6YAiVy9FHDvkcOb2yWxwIGzcMi',10000709,'amanda709@gmail.com',_binary '','Amanda','amanda709','DNI',2),(710,'Andrews','$2a$10$8k29uvv4/W6mNmBqJfAW0.3ljT6YAiVy9FHDvkcOb2yWxwIGzcMi',10000710,'jamie710@gmail.com',_binary '','Jamie','jamie710','DNI',2),(711,'Merritt','$2a$10$8k29uvv4/W6mNmBqJfAW0.3ljT6YAiVy9FHDvkcOb2yWxwIGzcMi',10000711,'brittany711@gmail.com',_binary '','Brittany','brittany711','DNI',2),(712,'Duran','$2a$10$8k29uvv4/W6mNmBqJfAW0.3ljT6YAiVy9FHDvkcOb2yWxwIGzcMi',10000712,'jane712@gmail.com',_binary '','Jane','jane712','DNI',2),(713,'Patel','$2a$10$8k29uvv4/W6mNmBqJfAW0.3ljT6YAiVy9FHDvkcOb2yWxwIGzcMi',10000713,'thomas713@gmail.com',_binary '','Thomas','thomas713','DNI',2),(714,'Lewis','$2a$10$8k29uvv4/W6mNmBqJfAW0.3ljT6YAiVy9FHDvkcOb2yWxwIGzcMi',10000714,'timothy714@gmail.com',_binary '','Timothy','timothy714','DNI',2),(715,'Reed','$2a$10$8k29uvv4/W6mNmBqJfAW0.3ljT6YAiVy9FHDvkcOb2yWxwIGzcMi',10000715,'jim715@gmail.com',_binary '','Jim','jim715','DNI',2),(716,'Burns','$2a$10$8k29uvv4/W6mNmBqJfAW0.3ljT6YAiVy9FHDvkcOb2yWxwIGzcMi',10000716,'william716@gmail.com',_binary '','William','william716','DNI',2),(717,'Bradshaw','$2a$10$8k29uvv4/W6mNmBqJfAW0.3ljT6YAiVy9FHDvkcOb2yWxwIGzcMi',10000717,'stephen717@gmail.com',_binary '','Stephen','stephen717','DNI',2),(718,'Lowe','$2a$10$8k29uvv4/W6mNmBqJfAW0.3ljT6YAiVy9FHDvkcOb2yWxwIGzcMi',10000718,'robert718@gmail.com',_binary '','Robert','robert718','DNI',2),(719,'Jacobs','$2a$10$8k29uvv4/W6mNmBqJfAW0.3ljT6YAiVy9FHDvkcOb2yWxwIGzcMi',10000719,'claudia719@gmail.com',_binary '','Claudia','claudia719','DNI',2),(720,'Alvarez','$2a$10$8k29uvv4/W6mNmBqJfAW0.3ljT6YAiVy9FHDvkcOb2yWxwIGzcMi',10000720,'larry720@gmail.com',_binary '','Larry','larry720','DNI',2),(721,'Jordan','$2a$10$8k29uvv4/W6mNmBqJfAW0.3ljT6YAiVy9FHDvkcOb2yWxwIGzcMi',10000721,'rachel721@gmail.com',_binary '','Rachel','rachel721','DNI',2),(722,'Walls','$2a$10$8k29uvv4/W6mNmBqJfAW0.3ljT6YAiVy9FHDvkcOb2yWxwIGzcMi',10000722,'brittany722@gmail.com',_binary '','Brittany','brittany722','DNI',2),(723,'Rodriguez','$2a$10$8k29uvv4/W6mNmBqJfAW0.3ljT6YAiVy9FHDvkcOb2yWxwIGzcMi',10000723,'jason723@gmail.com',_binary '','Jason','jason723','DNI',2),(724,'Jones','$2a$10$8k29uvv4/W6mNmBqJfAW0.3ljT6YAiVy9FHDvkcOb2yWxwIGzcMi',10000724,'diane724@gmail.com',_binary '','Diane','diane724','DNI',2),(725,'Freeman','$2a$10$8k29uvv4/W6mNmBqJfAW0.3ljT6YAiVy9FHDvkcOb2yWxwIGzcMi',10000725,'michelle725@gmail.com',_binary '','Michelle','michelle725','DNI',2),(726,'Smith','$2a$10$8k29uvv4/W6mNmBqJfAW0.3ljT6YAiVy9FHDvkcOb2yWxwIGzcMi',10000726,'brian726@gmail.com',_binary '','Brian','brian726','DNI',2),(727,'Mann','$2a$10$8k29uvv4/W6mNmBqJfAW0.3ljT6YAiVy9FHDvkcOb2yWxwIGzcMi',10000727,'jacob727@gmail.com',_binary '','Jacob','jacob727','DNI',2),(728,'Kane','$2a$10$8k29uvv4/W6mNmBqJfAW0.3ljT6YAiVy9FHDvkcOb2yWxwIGzcMi',10000728,'maureen728@gmail.com',_binary '','Maureen','maureen728','DNI',2),(729,'Smith','$2a$10$8k29uvv4/W6mNmBqJfAW0.3ljT6YAiVy9FHDvkcOb2yWxwIGzcMi',10000729,'timothy729@gmail.com',_binary '','Timothy','timothy729','DNI',2),(730,'Meyer','$2a$10$8k29uvv4/W6mNmBqJfAW0.3ljT6YAiVy9FHDvkcOb2yWxwIGzcMi',10000730,'john730@gmail.com',_binary '','John','john730','DNI',2),(731,'Miller','$2a$10$8k29uvv4/W6mNmBqJfAW0.3ljT6YAiVy9FHDvkcOb2yWxwIGzcMi',10000731,'jon731@gmail.com',_binary '','Jon','jon731','DNI',2),(732,'Fuentes','$2a$10$8k29uvv4/W6mNmBqJfAW0.3ljT6YAiVy9FHDvkcOb2yWxwIGzcMi',10000732,'brian732@gmail.com',_binary '','Brian','brian732','DNI',2),(733,'Washington','$2a$10$8k29uvv4/W6mNmBqJfAW0.3ljT6YAiVy9FHDvkcOb2yWxwIGzcMi',10000733,'charles733@gmail.com',_binary '','Charles','charles733','DNI',2),(734,'Martinez','$2a$10$8k29uvv4/W6mNmBqJfAW0.3ljT6YAiVy9FHDvkcOb2yWxwIGzcMi',10000734,'logan734@gmail.com',_binary '','Logan','logan734','DNI',2),(735,'Aguirre','$2a$10$8k29uvv4/W6mNmBqJfAW0.3ljT6YAiVy9FHDvkcOb2yWxwIGzcMi',10000735,'gary735@gmail.com',_binary '','Gary','gary735','DNI',2),(736,'Jones','$2a$10$8k29uvv4/W6mNmBqJfAW0.3ljT6YAiVy9FHDvkcOb2yWxwIGzcMi',10000736,'laura736@gmail.com',_binary '','Laura','laura736','DNI',2),(737,'Hall','$2a$10$8k29uvv4/W6mNmBqJfAW0.3ljT6YAiVy9FHDvkcOb2yWxwIGzcMi',10000737,'patricia737@gmail.com',_binary '','Patricia','patricia737','DNI',2),(738,'Gibbs','$2a$10$8k29uvv4/W6mNmBqJfAW0.3ljT6YAiVy9FHDvkcOb2yWxwIGzcMi',10000738,'jackson738@gmail.com',_binary '','Jackson','jackson738','DNI',2),(739,'Jones','$2a$10$8k29uvv4/W6mNmBqJfAW0.3ljT6YAiVy9FHDvkcOb2yWxwIGzcMi',10000739,'jose739@gmail.com',_binary '','Jose','jose739','DNI',2),(740,'Castro','$2a$10$8k29uvv4/W6mNmBqJfAW0.3ljT6YAiVy9FHDvkcOb2yWxwIGzcMi',10000740,'alexis740@gmail.com',_binary '','Alexis','alexis740','DNI',2),(741,'Conley','$2a$10$8k29uvv4/W6mNmBqJfAW0.3ljT6YAiVy9FHDvkcOb2yWxwIGzcMi',10000741,'kaitlyn741@gmail.com',_binary '','Kaitlyn','kaitlyn741','DNI',2),(742,'Long','$2a$10$8k29uvv4/W6mNmBqJfAW0.3ljT6YAiVy9FHDvkcOb2yWxwIGzcMi',10000742,'frank742@gmail.com',_binary '','Frank','frank742','DNI',2),(743,'Nichols','$2a$10$8k29uvv4/W6mNmBqJfAW0.3ljT6YAiVy9FHDvkcOb2yWxwIGzcMi',10000743,'scott743@gmail.com',_binary '','Scott','scott743','DNI',2),(744,'Ramirez','$2a$10$8k29uvv4/W6mNmBqJfAW0.3ljT6YAiVy9FHDvkcOb2yWxwIGzcMi',10000744,'lauren744@gmail.com',_binary '','Lauren','lauren744','DNI',2),(745,'Gonzalez','$2a$10$8k29uvv4/W6mNmBqJfAW0.3ljT6YAiVy9FHDvkcOb2yWxwIGzcMi',10000745,'alexander745@gmail.com',_binary '','Alexander','alexander745','DNI',2),(746,'Hanson','$2a$10$8k29uvv4/W6mNmBqJfAW0.3ljT6YAiVy9FHDvkcOb2yWxwIGzcMi',10000746,'tracy746@gmail.com',_binary '','Tracy','tracy746','DNI',2),(747,'Smith','$2a$10$8k29uvv4/W6mNmBqJfAW0.3ljT6YAiVy9FHDvkcOb2yWxwIGzcMi',10000747,'chelsea747@gmail.com',_binary '','Chelsea','chelsea747','DNI',2),(748,'Lowery','$2a$10$8k29uvv4/W6mNmBqJfAW0.3ljT6YAiVy9FHDvkcOb2yWxwIGzcMi',10000748,'michele748@gmail.com',_binary '','Michele','michele748','DNI',2),(749,'Castillo','$2a$10$8k29uvv4/W6mNmBqJfAW0.3ljT6YAiVy9FHDvkcOb2yWxwIGzcMi',10000749,'marcus749@gmail.com',_binary '','Marcus','marcus749','DNI',2),(750,'Davis','$2a$10$8k29uvv4/W6mNmBqJfAW0.3ljT6YAiVy9FHDvkcOb2yWxwIGzcMi',10000750,'randy750@gmail.com',_binary '','Randy','randy750','DNI',2),(751,'Moore','$2a$10$8k29uvv4/W6mNmBqJfAW0.3ljT6YAiVy9FHDvkcOb2yWxwIGzcMi',10000751,'donald751@gmail.com',_binary '','Donald','donald751','DNI',2),(752,'Garcia','$2a$10$8k29uvv4/W6mNmBqJfAW0.3ljT6YAiVy9FHDvkcOb2yWxwIGzcMi',10000752,'keith752@gmail.com',_binary '','Keith','keith752','DNI',2),(753,'Garcia','$2a$10$8k29uvv4/W6mNmBqJfAW0.3ljT6YAiVy9FHDvkcOb2yWxwIGzcMi',10000753,'tammy753@gmail.com',_binary '','Tammy','tammy753','DNI',2),(754,'Glover','$2a$10$8k29uvv4/W6mNmBqJfAW0.3ljT6YAiVy9FHDvkcOb2yWxwIGzcMi',10000754,'mark754@gmail.com',_binary '','Mark','mark754','DNI',2),(755,'Ryan','$2a$10$8k29uvv4/W6mNmBqJfAW0.3ljT6YAiVy9FHDvkcOb2yWxwIGzcMi',10000755,'kenneth755@gmail.com',_binary '','Kenneth','kenneth755','DNI',2),(756,'Shelton','$2a$10$8k29uvv4/W6mNmBqJfAW0.3ljT6YAiVy9FHDvkcOb2yWxwIGzcMi',10000756,'chad756@gmail.com',_binary '','Chad','chad756','DNI',2),(757,'Brown','$2a$10$8k29uvv4/W6mNmBqJfAW0.3ljT6YAiVy9FHDvkcOb2yWxwIGzcMi',10000757,'danielle757@gmail.com',_binary '','Danielle','danielle757','DNI',2),(758,'Scott','$2a$10$8k29uvv4/W6mNmBqJfAW0.3ljT6YAiVy9FHDvkcOb2yWxwIGzcMi',10000758,'gregory758@gmail.com',_binary '','Gregory','gregory758','DNI',2),(759,'Carpenter','$2a$10$8k29uvv4/W6mNmBqJfAW0.3ljT6YAiVy9FHDvkcOb2yWxwIGzcMi',10000759,'angela759@gmail.com',_binary '','Angela','angela759','DNI',2),(760,'Flynn','$2a$10$8k29uvv4/W6mNmBqJfAW0.3ljT6YAiVy9FHDvkcOb2yWxwIGzcMi',10000760,'lori760@gmail.com',_binary '','Lori','lori760','DNI',2),(761,'Peterson','$2a$10$8k29uvv4/W6mNmBqJfAW0.3ljT6YAiVy9FHDvkcOb2yWxwIGzcMi',10000761,'samuel761@gmail.com',_binary '','Samuel','samuel761','DNI',2),(762,'Pena','$2a$10$8k29uvv4/W6mNmBqJfAW0.3ljT6YAiVy9FHDvkcOb2yWxwIGzcMi',10000762,'elizabeth762@gmail.com',_binary '','Elizabeth','elizabeth762','DNI',2),(763,'Ball','$2a$10$8k29uvv4/W6mNmBqJfAW0.3ljT6YAiVy9FHDvkcOb2yWxwIGzcMi',10000763,'cynthia763@gmail.com',_binary '','Cynthia','cynthia763','DNI',2),(764,'Johnson','$2a$10$8k29uvv4/W6mNmBqJfAW0.3ljT6YAiVy9FHDvkcOb2yWxwIGzcMi',10000764,'taylor764@gmail.com',_binary '','Taylor','taylor764','DNI',2),(765,'Gillespie','$2a$10$8k29uvv4/W6mNmBqJfAW0.3ljT6YAiVy9FHDvkcOb2yWxwIGzcMi',10000765,'pamela765@gmail.com',_binary '','Pamela','pamela765','DNI',2),(766,'Marshall','$2a$10$8k29uvv4/W6mNmBqJfAW0.3ljT6YAiVy9FHDvkcOb2yWxwIGzcMi',10000766,'benjamin766@gmail.com',_binary '','Benjamin','benjamin766','DNI',2),(767,'Jenkins','$2a$10$8k29uvv4/W6mNmBqJfAW0.3ljT6YAiVy9FHDvkcOb2yWxwIGzcMi',10000767,'leroy767@gmail.com',_binary '','Leroy','leroy767','DNI',2),(768,'Chaney','$2a$10$8k29uvv4/W6mNmBqJfAW0.3ljT6YAiVy9FHDvkcOb2yWxwIGzcMi',10000768,'betty768@gmail.com',_binary '','Betty','betty768','DNI',2),(769,'Stone','$2a$10$8k29uvv4/W6mNmBqJfAW0.3ljT6YAiVy9FHDvkcOb2yWxwIGzcMi',10000769,'madison769@gmail.com',_binary '','Madison','madison769','DNI',2),(770,'Garcia','$2a$10$8k29uvv4/W6mNmBqJfAW0.3ljT6YAiVy9FHDvkcOb2yWxwIGzcMi',10000770,'kayla770@gmail.com',_binary '','Kayla','kayla770','DNI',2),(771,'Cannon','$2a$10$8k29uvv4/W6mNmBqJfAW0.3ljT6YAiVy9FHDvkcOb2yWxwIGzcMi',10000771,'eric771@gmail.com',_binary '','Eric','eric771','DNI',2),(772,'Owens','$2a$10$8k29uvv4/W6mNmBqJfAW0.3ljT6YAiVy9FHDvkcOb2yWxwIGzcMi',10000772,'kimberly772@gmail.com',_binary '','Kimberly','kimberly772','DNI',2),(773,'Horton','$2a$10$8k29uvv4/W6mNmBqJfAW0.3ljT6YAiVy9FHDvkcOb2yWxwIGzcMi',10000773,'david773@gmail.com',_binary '','David','david773','DNI',2),(774,'Knight','$2a$10$8k29uvv4/W6mNmBqJfAW0.3ljT6YAiVy9FHDvkcOb2yWxwIGzcMi',10000774,'mark774@gmail.com',_binary '','Mark','mark774','DNI',2),(775,'Miller','$2a$10$8k29uvv4/W6mNmBqJfAW0.3ljT6YAiVy9FHDvkcOb2yWxwIGzcMi',10000775,'stacey775@gmail.com',_binary '','Stacey','stacey775','DNI',2),(776,'Harper','$2a$10$8k29uvv4/W6mNmBqJfAW0.3ljT6YAiVy9FHDvkcOb2yWxwIGzcMi',10000776,'phillip776@gmail.com',_binary '','Phillip','phillip776','DNI',2),(777,'Meyer','$2a$10$8k29uvv4/W6mNmBqJfAW0.3ljT6YAiVy9FHDvkcOb2yWxwIGzcMi',10000777,'dustin777@gmail.com',_binary '','Dustin','dustin777','DNI',2),(778,'Harris','$2a$10$8k29uvv4/W6mNmBqJfAW0.3ljT6YAiVy9FHDvkcOb2yWxwIGzcMi',10000778,'shelby778@gmail.com',_binary '','Shelby','shelby778','DNI',2),(779,'Cohen','$2a$10$8k29uvv4/W6mNmBqJfAW0.3ljT6YAiVy9FHDvkcOb2yWxwIGzcMi',10000779,'justin779@gmail.com',_binary '','Justin','justin779','DNI',2),(780,'Dennis','$2a$10$8k29uvv4/W6mNmBqJfAW0.3ljT6YAiVy9FHDvkcOb2yWxwIGzcMi',10000780,'justin780@gmail.com',_binary '','Justin','justin780','DNI',2),(781,'Dodson','$2a$10$8k29uvv4/W6mNmBqJfAW0.3ljT6YAiVy9FHDvkcOb2yWxwIGzcMi',10000781,'richard781@gmail.com',_binary '','Richard','richard781','DNI',2),(782,'Sexton','$2a$10$8k29uvv4/W6mNmBqJfAW0.3ljT6YAiVy9FHDvkcOb2yWxwIGzcMi',10000782,'julie782@gmail.com',_binary '','Julie','julie782','DNI',2),(783,'Gross','$2a$10$8k29uvv4/W6mNmBqJfAW0.3ljT6YAiVy9FHDvkcOb2yWxwIGzcMi',10000783,'jessica783@gmail.com',_binary '','Jessica','jessica783','DNI',2),(784,'Thomas','$2a$10$8k29uvv4/W6mNmBqJfAW0.3ljT6YAiVy9FHDvkcOb2yWxwIGzcMi',10000784,'michael784@gmail.com',_binary '','Michael','michael784','DNI',2),(785,'Mcmahon','$2a$10$8k29uvv4/W6mNmBqJfAW0.3ljT6YAiVy9FHDvkcOb2yWxwIGzcMi',10000785,'ronald785@gmail.com',_binary '','Ronald','ronald785','DNI',2),(786,'Johnson','$2a$10$8k29uvv4/W6mNmBqJfAW0.3ljT6YAiVy9FHDvkcOb2yWxwIGzcMi',10000786,'david786@gmail.com',_binary '','David','david786','DNI',2),(787,'Bryant','$2a$10$8k29uvv4/W6mNmBqJfAW0.3ljT6YAiVy9FHDvkcOb2yWxwIGzcMi',10000787,'ashley787@gmail.com',_binary '','Ashley','ashley787','DNI',2),(788,'Smith','$2a$10$8k29uvv4/W6mNmBqJfAW0.3ljT6YAiVy9FHDvkcOb2yWxwIGzcMi',10000788,'robert788@gmail.com',_binary '','Robert','robert788','DNI',2),(789,'Jones','$2a$10$8k29uvv4/W6mNmBqJfAW0.3ljT6YAiVy9FHDvkcOb2yWxwIGzcMi',10000789,'shirley789@gmail.com',_binary '','Shirley','shirley789','DNI',2),(790,'Rogers','$2a$10$8k29uvv4/W6mNmBqJfAW0.3ljT6YAiVy9FHDvkcOb2yWxwIGzcMi',10000790,'henry790@gmail.com',_binary '','Henry','henry790','DNI',2),(791,'Stevens','$2a$10$8k29uvv4/W6mNmBqJfAW0.3ljT6YAiVy9FHDvkcOb2yWxwIGzcMi',10000791,'michael791@gmail.com',_binary '','Michael','michael791','DNI',2),(792,'Mann','$2a$10$8k29uvv4/W6mNmBqJfAW0.3ljT6YAiVy9FHDvkcOb2yWxwIGzcMi',10000792,'adrian792@gmail.com',_binary '','Adrian','adrian792','DNI',2),(793,'Ford','$2a$10$8k29uvv4/W6mNmBqJfAW0.3ljT6YAiVy9FHDvkcOb2yWxwIGzcMi',10000793,'nancy793@gmail.com',_binary '','Nancy','nancy793','DNI',2),(794,'Young','$2a$10$8k29uvv4/W6mNmBqJfAW0.3ljT6YAiVy9FHDvkcOb2yWxwIGzcMi',10000794,'susan794@gmail.com',_binary '','Susan','susan794','DNI',2),(795,'Flores','$2a$10$8k29uvv4/W6mNmBqJfAW0.3ljT6YAiVy9FHDvkcOb2yWxwIGzcMi',10000795,'amanda795@gmail.com',_binary '','Amanda','amanda795','DNI',2),(796,'Lopez','$2a$10$8k29uvv4/W6mNmBqJfAW0.3ljT6YAiVy9FHDvkcOb2yWxwIGzcMi',10000796,'anthony796@gmail.com',_binary '','Anthony','anthony796','DNI',2),(797,'Li','$2a$10$8k29uvv4/W6mNmBqJfAW0.3ljT6YAiVy9FHDvkcOb2yWxwIGzcMi',10000797,'larry797@gmail.com',_binary '','Larry','larry797','DNI',2),(798,'Black','$2a$10$8k29uvv4/W6mNmBqJfAW0.3ljT6YAiVy9FHDvkcOb2yWxwIGzcMi',10000798,'brenda798@gmail.com',_binary '','Brenda','brenda798','DNI',2),(799,'Bean','$2a$10$8k29uvv4/W6mNmBqJfAW0.3ljT6YAiVy9FHDvkcOb2yWxwIGzcMi',10000799,'scott799@gmail.com',_binary '','Scott','scott799','DNI',2),(800,'Vasquez','$2a$10$8k29uvv4/W6mNmBqJfAW0.3ljT6YAiVy9FHDvkcOb2yWxwIGzcMi',10000800,'leonard800@gmail.com',_binary '','Leonard','leonard800','DNI',2),(801,'Moore','$2a$10$8k29uvv4/W6mNmBqJfAW0.3ljT6YAiVy9FHDvkcOb2yWxwIGzcMi',10000801,'dylan801@gmail.com',_binary '','Dylan','dylan801','DNI',2),(802,'Christensen','$2a$10$8k29uvv4/W6mNmBqJfAW0.3ljT6YAiVy9FHDvkcOb2yWxwIGzcMi',10000802,'shawn802@gmail.com',_binary '','Shawn','shawn802','DNI',2),(803,'Bowers','$2a$10$8k29uvv4/W6mNmBqJfAW0.3ljT6YAiVy9FHDvkcOb2yWxwIGzcMi',10000803,'anne803@gmail.com',_binary '','Anne','anne803','DNI',2),(804,'Reeves','$2a$10$8k29uvv4/W6mNmBqJfAW0.3ljT6YAiVy9FHDvkcOb2yWxwIGzcMi',10000804,'brady804@gmail.com',_binary '','Brady','brady804','DNI',2),(805,'Gates','$2a$10$8k29uvv4/W6mNmBqJfAW0.3ljT6YAiVy9FHDvkcOb2yWxwIGzcMi',10000805,'barbara805@gmail.com',_binary '','Barbara','barbara805','DNI',2),(806,'Rodriguez','$2a$10$8k29uvv4/W6mNmBqJfAW0.3ljT6YAiVy9FHDvkcOb2yWxwIGzcMi',10000806,'jeffrey806@gmail.com',_binary '','Jeffrey','jeffrey806','DNI',2),(807,'Brooks','$2a$10$8k29uvv4/W6mNmBqJfAW0.3ljT6YAiVy9FHDvkcOb2yWxwIGzcMi',10000807,'edward807@gmail.com',_binary '','Edward','edward807','DNI',2),(808,'Malone','$2a$10$8k29uvv4/W6mNmBqJfAW0.3ljT6YAiVy9FHDvkcOb2yWxwIGzcMi',10000808,'daniel808@gmail.com',_binary '','Daniel','daniel808','DNI',2),(809,'Mathews','$2a$10$8k29uvv4/W6mNmBqJfAW0.3ljT6YAiVy9FHDvkcOb2yWxwIGzcMi',10000809,'dominique809@gmail.com',_binary '','Dominique','dominique809','DNI',2),(810,'Case','$2a$10$8k29uvv4/W6mNmBqJfAW0.3ljT6YAiVy9FHDvkcOb2yWxwIGzcMi',10000810,'brittany810@gmail.com',_binary '','Brittany','brittany810','DNI',2),(811,'Hicks','$2a$10$8k29uvv4/W6mNmBqJfAW0.3ljT6YAiVy9FHDvkcOb2yWxwIGzcMi',10000811,'madison811@gmail.com',_binary '','Madison','madison811','DNI',2),(812,'Prince','$2a$10$8k29uvv4/W6mNmBqJfAW0.3ljT6YAiVy9FHDvkcOb2yWxwIGzcMi',10000812,'matthew812@gmail.com',_binary '','Matthew','matthew812','DNI',2),(813,'Norman','$2a$10$8k29uvv4/W6mNmBqJfAW0.3ljT6YAiVy9FHDvkcOb2yWxwIGzcMi',10000813,'laura813@gmail.com',_binary '','Laura','laura813','DNI',2),(814,'Clark','$2a$10$8k29uvv4/W6mNmBqJfAW0.3ljT6YAiVy9FHDvkcOb2yWxwIGzcMi',10000814,'kathy814@gmail.com',_binary '','Kathy','kathy814','DNI',2),(815,'Wolf','$2a$10$8k29uvv4/W6mNmBqJfAW0.3ljT6YAiVy9FHDvkcOb2yWxwIGzcMi',10000815,'jason815@gmail.com',_binary '','Jason','jason815','DNI',2),(816,'Potts','$2a$10$8k29uvv4/W6mNmBqJfAW0.3ljT6YAiVy9FHDvkcOb2yWxwIGzcMi',10000816,'dawn816@gmail.com',_binary '','Dawn','dawn816','DNI',2),(817,'Hogan','$2a$10$8k29uvv4/W6mNmBqJfAW0.3ljT6YAiVy9FHDvkcOb2yWxwIGzcMi',10000817,'jennifer817@gmail.com',_binary '','Jennifer','jennifer817','DNI',2),(818,'Evans','$2a$10$8k29uvv4/W6mNmBqJfAW0.3ljT6YAiVy9FHDvkcOb2yWxwIGzcMi',10000818,'mark818@gmail.com',_binary '','Mark','mark818','DNI',2),(819,'Snyder','$2a$10$8k29uvv4/W6mNmBqJfAW0.3ljT6YAiVy9FHDvkcOb2yWxwIGzcMi',10000819,'katie819@gmail.com',_binary '','Katie','katie819','DNI',2),(820,'Horton','$2a$10$8k29uvv4/W6mNmBqJfAW0.3ljT6YAiVy9FHDvkcOb2yWxwIGzcMi',10000820,'debra820@gmail.com',_binary '','Debra','debra820','DNI',2),(821,'Mitchell','$2a$10$8k29uvv4/W6mNmBqJfAW0.3ljT6YAiVy9FHDvkcOb2yWxwIGzcMi',10000821,'eric821@gmail.com',_binary '','Eric','eric821','DNI',2),(822,'Lopez','$2a$10$8k29uvv4/W6mNmBqJfAW0.3ljT6YAiVy9FHDvkcOb2yWxwIGzcMi',10000822,'amanda822@gmail.com',_binary '','Amanda','amanda822','DNI',2),(823,'Mitchell','$2a$10$8k29uvv4/W6mNmBqJfAW0.3ljT6YAiVy9FHDvkcOb2yWxwIGzcMi',10000823,'jennifer823@gmail.com',_binary '','Jennifer','jennifer823','DNI',2),(824,'Simmons','$2a$10$8k29uvv4/W6mNmBqJfAW0.3ljT6YAiVy9FHDvkcOb2yWxwIGzcMi',10000824,'charles824@gmail.com',_binary '','Charles','charles824','DNI',2),(825,'Camacho','$2a$10$8k29uvv4/W6mNmBqJfAW0.3ljT6YAiVy9FHDvkcOb2yWxwIGzcMi',10000825,'sandra825@gmail.com',_binary '','Sandra','sandra825','DNI',2),(826,'Crawford','$2a$10$8k29uvv4/W6mNmBqJfAW0.3ljT6YAiVy9FHDvkcOb2yWxwIGzcMi',10000826,'tracy826@gmail.com',_binary '','Tracy','tracy826','DNI',2),(827,'Watson','$2a$10$8k29uvv4/W6mNmBqJfAW0.3ljT6YAiVy9FHDvkcOb2yWxwIGzcMi',10000827,'luis827@gmail.com',_binary '','Luis','luis827','DNI',2),(828,'Summers','$2a$10$8k29uvv4/W6mNmBqJfAW0.3ljT6YAiVy9FHDvkcOb2yWxwIGzcMi',10000828,'susan828@gmail.com',_binary '','Susan','susan828','DNI',2),(829,'Hill','$2a$10$8k29uvv4/W6mNmBqJfAW0.3ljT6YAiVy9FHDvkcOb2yWxwIGzcMi',10000829,'mallory829@gmail.com',_binary '','Mallory','mallory829','DNI',2),(830,'Morrison','$2a$10$8k29uvv4/W6mNmBqJfAW0.3ljT6YAiVy9FHDvkcOb2yWxwIGzcMi',10000830,'adam830@gmail.com',_binary '','Adam','adam830','DNI',2),(831,'Porter','$2a$10$8k29uvv4/W6mNmBqJfAW0.3ljT6YAiVy9FHDvkcOb2yWxwIGzcMi',10000831,'matthew831@gmail.com',_binary '','Matthew','matthew831','DNI',2),(832,'Baker','$2a$10$8k29uvv4/W6mNmBqJfAW0.3ljT6YAiVy9FHDvkcOb2yWxwIGzcMi',10000832,'rebecca832@gmail.com',_binary '','Rebecca','rebecca832','DNI',2),(833,'Griffith','$2a$10$8k29uvv4/W6mNmBqJfAW0.3ljT6YAiVy9FHDvkcOb2yWxwIGzcMi',10000833,'corey833@gmail.com',_binary '','Corey','corey833','DNI',2),(834,'Rodriguez','$2a$10$8k29uvv4/W6mNmBqJfAW0.3ljT6YAiVy9FHDvkcOb2yWxwIGzcMi',10000834,'peggy834@gmail.com',_binary '','Peggy','peggy834','DNI',2),(835,'Price','$2a$10$8k29uvv4/W6mNmBqJfAW0.3ljT6YAiVy9FHDvkcOb2yWxwIGzcMi',10000835,'kristin835@gmail.com',_binary '','Kristin','kristin835','DNI',2),(836,'Preston','$2a$10$8k29uvv4/W6mNmBqJfAW0.3ljT6YAiVy9FHDvkcOb2yWxwIGzcMi',10000836,'jacqueline836@gmail.com',_binary '','Jacqueline','jacqueline836','DNI',2),(837,'Lee','$2a$10$8k29uvv4/W6mNmBqJfAW0.3ljT6YAiVy9FHDvkcOb2yWxwIGzcMi',10000837,'edgar837@gmail.com',_binary '','Edgar','edgar837','DNI',2),(838,'Johnson','$2a$10$8k29uvv4/W6mNmBqJfAW0.3ljT6YAiVy9FHDvkcOb2yWxwIGzcMi',10000838,'jordan838@gmail.com',_binary '','Jordan','jordan838','DNI',2),(839,'Pittman','$2a$10$8k29uvv4/W6mNmBqJfAW0.3ljT6YAiVy9FHDvkcOb2yWxwIGzcMi',10000839,'stephanie839@gmail.com',_binary '','Stephanie','stephanie839','DNI',2),(840,'Fischer','$2a$10$8k29uvv4/W6mNmBqJfAW0.3ljT6YAiVy9FHDvkcOb2yWxwIGzcMi',10000840,'kayla840@gmail.com',_binary '','Kayla','kayla840','DNI',2),(841,'Washington','$2a$10$8k29uvv4/W6mNmBqJfAW0.3ljT6YAiVy9FHDvkcOb2yWxwIGzcMi',10000841,'cindy841@gmail.com',_binary '','Cindy','cindy841','DNI',2),(842,'Cortez','$2a$10$8k29uvv4/W6mNmBqJfAW0.3ljT6YAiVy9FHDvkcOb2yWxwIGzcMi',10000842,'alexander842@gmail.com',_binary '','Alexander','alexander842','DNI',2),(843,'Mckinney','$2a$10$8k29uvv4/W6mNmBqJfAW0.3ljT6YAiVy9FHDvkcOb2yWxwIGzcMi',10000843,'douglas843@gmail.com',_binary '','Douglas','douglas843','DNI',2),(844,'Christian','$2a$10$8k29uvv4/W6mNmBqJfAW0.3ljT6YAiVy9FHDvkcOb2yWxwIGzcMi',10000844,'nicole844@gmail.com',_binary '','Nicole','nicole844','DNI',2),(845,'Morales','$2a$10$8k29uvv4/W6mNmBqJfAW0.3ljT6YAiVy9FHDvkcOb2yWxwIGzcMi',10000845,'joshua845@gmail.com',_binary '','Joshua','joshua845','DNI',2),(846,'Jackson','$2a$10$8k29uvv4/W6mNmBqJfAW0.3ljT6YAiVy9FHDvkcOb2yWxwIGzcMi',10000846,'mary846@gmail.com',_binary '','Mary','mary846','DNI',2),(847,'Chavez','$2a$10$8k29uvv4/W6mNmBqJfAW0.3ljT6YAiVy9FHDvkcOb2yWxwIGzcMi',10000847,'michaela847@gmail.com',_binary '','Michaela','michaela847','DNI',2),(848,'Nelson','$2a$10$8k29uvv4/W6mNmBqJfAW0.3ljT6YAiVy9FHDvkcOb2yWxwIGzcMi',10000848,'stephen848@gmail.com',_binary '','Stephen','stephen848','DNI',2),(849,'Kim','$2a$10$8k29uvv4/W6mNmBqJfAW0.3ljT6YAiVy9FHDvkcOb2yWxwIGzcMi',10000849,'audrey849@gmail.com',_binary '','Audrey','audrey849','DNI',2),(850,'Larsen','$2a$10$8k29uvv4/W6mNmBqJfAW0.3ljT6YAiVy9FHDvkcOb2yWxwIGzcMi',10000850,'alexander850@gmail.com',_binary '','Alexander','alexander850','DNI',2),(851,'Bennett','$2a$10$8k29uvv4/W6mNmBqJfAW0.3ljT6YAiVy9FHDvkcOb2yWxwIGzcMi',10000851,'micheal851@gmail.com',_binary '','Micheal','micheal851','DNI',2),(852,'Knight','$2a$10$8k29uvv4/W6mNmBqJfAW0.3ljT6YAiVy9FHDvkcOb2yWxwIGzcMi',10000852,'shannon852@gmail.com',_binary '','Shannon','shannon852','DNI',2),(853,'Clark','$2a$10$8k29uvv4/W6mNmBqJfAW0.3ljT6YAiVy9FHDvkcOb2yWxwIGzcMi',10000853,'sandra853@gmail.com',_binary '','Sandra','sandra853','DNI',2),(854,'Riley','$2a$10$8k29uvv4/W6mNmBqJfAW0.3ljT6YAiVy9FHDvkcOb2yWxwIGzcMi',10000854,'monique854@gmail.com',_binary '','Monique','monique854','DNI',2),(855,'Campbell','$2a$10$8k29uvv4/W6mNmBqJfAW0.3ljT6YAiVy9FHDvkcOb2yWxwIGzcMi',10000855,'benjamin855@gmail.com',_binary '','Benjamin','benjamin855','DNI',2),(856,'Brown','$2a$10$8k29uvv4/W6mNmBqJfAW0.3ljT6YAiVy9FHDvkcOb2yWxwIGzcMi',10000856,'steven856@gmail.com',_binary '','Steven','steven856','DNI',2),(857,'Marquez','$2a$10$8k29uvv4/W6mNmBqJfAW0.3ljT6YAiVy9FHDvkcOb2yWxwIGzcMi',10000857,'michael857@gmail.com',_binary '','Michael','michael857','DNI',2),(858,'Wilson','$2a$10$8k29uvv4/W6mNmBqJfAW0.3ljT6YAiVy9FHDvkcOb2yWxwIGzcMi',10000858,'chelsey858@gmail.com',_binary '','Chelsey','chelsey858','DNI',2),(859,'Thomas','$2a$10$8k29uvv4/W6mNmBqJfAW0.3ljT6YAiVy9FHDvkcOb2yWxwIGzcMi',10000859,'glenn859@gmail.com',_binary '','Glenn','glenn859','DNI',2),(860,'Marshall','$2a$10$8k29uvv4/W6mNmBqJfAW0.3ljT6YAiVy9FHDvkcOb2yWxwIGzcMi',10000860,'samuel860@gmail.com',_binary '','Samuel','samuel860','DNI',2),(861,'Moore','$2a$10$8k29uvv4/W6mNmBqJfAW0.3ljT6YAiVy9FHDvkcOb2yWxwIGzcMi',10000861,'kevin861@gmail.com',_binary '','Kevin','kevin861','DNI',2),(862,'Henry','$2a$10$8k29uvv4/W6mNmBqJfAW0.3ljT6YAiVy9FHDvkcOb2yWxwIGzcMi',10000862,'melissa862@gmail.com',_binary '','Melissa','melissa862','DNI',2),(863,'Williams','$2a$10$8k29uvv4/W6mNmBqJfAW0.3ljT6YAiVy9FHDvkcOb2yWxwIGzcMi',10000863,'leah863@gmail.com',_binary '','Leah','leah863','DNI',2),(864,'Arroyo','$2a$10$8k29uvv4/W6mNmBqJfAW0.3ljT6YAiVy9FHDvkcOb2yWxwIGzcMi',10000864,'barry864@gmail.com',_binary '','Barry','barry864','DNI',2),(865,'Murphy','$2a$10$8k29uvv4/W6mNmBqJfAW0.3ljT6YAiVy9FHDvkcOb2yWxwIGzcMi',10000865,'kim865@gmail.com',_binary '','Kim','kim865','DNI',2),(866,'Lucas','$2a$10$8k29uvv4/W6mNmBqJfAW0.3ljT6YAiVy9FHDvkcOb2yWxwIGzcMi',10000866,'edward866@gmail.com',_binary '','Edward','edward866','DNI',2),(867,'Butler','$2a$10$8k29uvv4/W6mNmBqJfAW0.3ljT6YAiVy9FHDvkcOb2yWxwIGzcMi',10000867,'brian867@gmail.com',_binary '','Brian','brian867','DNI',2),(868,'Brady','$2a$10$8k29uvv4/W6mNmBqJfAW0.3ljT6YAiVy9FHDvkcOb2yWxwIGzcMi',10000868,'todd868@gmail.com',_binary '','Todd','todd868','DNI',2),(869,'Walker','$2a$10$8k29uvv4/W6mNmBqJfAW0.3ljT6YAiVy9FHDvkcOb2yWxwIGzcMi',10000869,'cheyenne869@gmail.com',_binary '','Cheyenne','cheyenne869','DNI',2),(870,'Weiss','$2a$10$8k29uvv4/W6mNmBqJfAW0.3ljT6YAiVy9FHDvkcOb2yWxwIGzcMi',10000870,'sheila870@gmail.com',_binary '','Sheila','sheila870','DNI',2),(871,'Martinez','$2a$10$8k29uvv4/W6mNmBqJfAW0.3ljT6YAiVy9FHDvkcOb2yWxwIGzcMi',10000871,'angela871@gmail.com',_binary '','Angela','angela871','DNI',2),(872,'Jackson','$2a$10$8k29uvv4/W6mNmBqJfAW0.3ljT6YAiVy9FHDvkcOb2yWxwIGzcMi',10000872,'brandon872@gmail.com',_binary '','Brandon','brandon872','DNI',2),(873,'Phillips','$2a$10$8k29uvv4/W6mNmBqJfAW0.3ljT6YAiVy9FHDvkcOb2yWxwIGzcMi',10000873,'anna873@gmail.com',_binary '','Anna','anna873','DNI',2),(874,'Flynn','$2a$10$8k29uvv4/W6mNmBqJfAW0.3ljT6YAiVy9FHDvkcOb2yWxwIGzcMi',10000874,'regina874@gmail.com',_binary '','Regina','regina874','DNI',2),(875,'Moreno','$2a$10$8k29uvv4/W6mNmBqJfAW0.3ljT6YAiVy9FHDvkcOb2yWxwIGzcMi',10000875,'scott875@gmail.com',_binary '','Scott','scott875','DNI',2),(876,'Williams','$2a$10$8k29uvv4/W6mNmBqJfAW0.3ljT6YAiVy9FHDvkcOb2yWxwIGzcMi',10000876,'nicholas876@gmail.com',_binary '','Nicholas','nicholas876','DNI',2),(877,'Cooley','$2a$10$8k29uvv4/W6mNmBqJfAW0.3ljT6YAiVy9FHDvkcOb2yWxwIGzcMi',10000877,'john877@gmail.com',_binary '','John','john877','DNI',2),(878,'Campbell','$2a$10$8k29uvv4/W6mNmBqJfAW0.3ljT6YAiVy9FHDvkcOb2yWxwIGzcMi',10000878,'amy878@gmail.com',_binary '','Amy','amy878','DNI',2),(879,'Johnson','$2a$10$8k29uvv4/W6mNmBqJfAW0.3ljT6YAiVy9FHDvkcOb2yWxwIGzcMi',10000879,'derek879@gmail.com',_binary '','Derek','derek879','DNI',2),(880,'Brown','$2a$10$8k29uvv4/W6mNmBqJfAW0.3ljT6YAiVy9FHDvkcOb2yWxwIGzcMi',10000880,'morgan880@gmail.com',_binary '','Morgan','morgan880','DNI',2),(881,'Taylor','$2a$10$8k29uvv4/W6mNmBqJfAW0.3ljT6YAiVy9FHDvkcOb2yWxwIGzcMi',10000881,'kim881@gmail.com',_binary '','Kim','kim881','DNI',2),(882,'Wilson','$2a$10$8k29uvv4/W6mNmBqJfAW0.3ljT6YAiVy9FHDvkcOb2yWxwIGzcMi',10000882,'deborah882@gmail.com',_binary '','Deborah','deborah882','DNI',2),(883,'Adams','$2a$10$8k29uvv4/W6mNmBqJfAW0.3ljT6YAiVy9FHDvkcOb2yWxwIGzcMi',10000883,'david883@gmail.com',_binary '','David','david883','DNI',2),(884,'Wyatt','$2a$10$8k29uvv4/W6mNmBqJfAW0.3ljT6YAiVy9FHDvkcOb2yWxwIGzcMi',10000884,'christopher884@gmail.com',_binary '','Christopher','christopher884','DNI',2),(885,'Walker','$2a$10$8k29uvv4/W6mNmBqJfAW0.3ljT6YAiVy9FHDvkcOb2yWxwIGzcMi',10000885,'zachary885@gmail.com',_binary '','Zachary','zachary885','DNI',2),(886,'Houston','$2a$10$8k29uvv4/W6mNmBqJfAW0.3ljT6YAiVy9FHDvkcOb2yWxwIGzcMi',10000886,'deborah886@gmail.com',_binary '','Deborah','deborah886','DNI',2),(887,'Barber','$2a$10$8k29uvv4/W6mNmBqJfAW0.3ljT6YAiVy9FHDvkcOb2yWxwIGzcMi',10000887,'elizabeth887@gmail.com',_binary '','Elizabeth','elizabeth887','DNI',2),(888,'Barker','$2a$10$8k29uvv4/W6mNmBqJfAW0.3ljT6YAiVy9FHDvkcOb2yWxwIGzcMi',10000888,'brian888@gmail.com',_binary '','Brian','brian888','DNI',2),(889,'Sherman','$2a$10$8k29uvv4/W6mNmBqJfAW0.3ljT6YAiVy9FHDvkcOb2yWxwIGzcMi',10000889,'elizabeth889@gmail.com',_binary '','Elizabeth','elizabeth889','DNI',2),(890,'Howard','$2a$10$8k29uvv4/W6mNmBqJfAW0.3ljT6YAiVy9FHDvkcOb2yWxwIGzcMi',10000890,'david890@gmail.com',_binary '','David','david890','DNI',2),(891,'Sutton','$2a$10$8k29uvv4/W6mNmBqJfAW0.3ljT6YAiVy9FHDvkcOb2yWxwIGzcMi',10000891,'patty891@gmail.com',_binary '','Patty','patty891','DNI',2),(892,'Robinson','$2a$10$8k29uvv4/W6mNmBqJfAW0.3ljT6YAiVy9FHDvkcOb2yWxwIGzcMi',10000892,'joseph892@gmail.com',_binary '','Joseph','joseph892','DNI',2),(893,'Massey','$2a$10$8k29uvv4/W6mNmBqJfAW0.3ljT6YAiVy9FHDvkcOb2yWxwIGzcMi',10000893,'christina893@gmail.com',_binary '','Christina','christina893','DNI',2),(894,'Thornton','$2a$10$8k29uvv4/W6mNmBqJfAW0.3ljT6YAiVy9FHDvkcOb2yWxwIGzcMi',10000894,'mary894@gmail.com',_binary '','Mary','mary894','DNI',2),(895,'Gomez','$2a$10$8k29uvv4/W6mNmBqJfAW0.3ljT6YAiVy9FHDvkcOb2yWxwIGzcMi',10000895,'michael895@gmail.com',_binary '','Michael','michael895','DNI',2),(896,'Garcia','$2a$10$8k29uvv4/W6mNmBqJfAW0.3ljT6YAiVy9FHDvkcOb2yWxwIGzcMi',10000896,'danielle896@gmail.com',_binary '','Danielle','danielle896','DNI',2),(897,'Farley','$2a$10$8k29uvv4/W6mNmBqJfAW0.3ljT6YAiVy9FHDvkcOb2yWxwIGzcMi',10000897,'gregory897@gmail.com',_binary '','Gregory','gregory897','DNI',2),(898,'Morrow','$2a$10$8k29uvv4/W6mNmBqJfAW0.3ljT6YAiVy9FHDvkcOb2yWxwIGzcMi',10000898,'tracy898@gmail.com',_binary '','Tracy','tracy898','DNI',2),(899,'Lawrence','$2a$10$8k29uvv4/W6mNmBqJfAW0.3ljT6YAiVy9FHDvkcOb2yWxwIGzcMi',10000899,'john899@gmail.com',_binary '','John','john899','DNI',2),(900,'Kelly','$2a$10$8k29uvv4/W6mNmBqJfAW0.3ljT6YAiVy9FHDvkcOb2yWxwIGzcMi',10000900,'cynthia900@gmail.com',_binary '','Cynthia','cynthia900','DNI',2),(901,'Page','$2a$10$8k29uvv4/W6mNmBqJfAW0.3ljT6YAiVy9FHDvkcOb2yWxwIGzcMi',10000901,'andrea901@gmail.com',_binary '','Andrea','andrea901','DNI',2),(902,'Coleman','$2a$10$8k29uvv4/W6mNmBqJfAW0.3ljT6YAiVy9FHDvkcOb2yWxwIGzcMi',10000902,'stephanie902@gmail.com',_binary '','Stephanie','stephanie902','DNI',2),(903,'Thompson','$2a$10$8k29uvv4/W6mNmBqJfAW0.3ljT6YAiVy9FHDvkcOb2yWxwIGzcMi',10000903,'matthew903@gmail.com',_binary '','Matthew','matthew903','DNI',2),(904,'Johnson','$2a$10$8k29uvv4/W6mNmBqJfAW0.3ljT6YAiVy9FHDvkcOb2yWxwIGzcMi',10000904,'sarah904@gmail.com',_binary '','Sarah','sarah904','DNI',2),(905,'Wood','$2a$10$8k29uvv4/W6mNmBqJfAW0.3ljT6YAiVy9FHDvkcOb2yWxwIGzcMi',10000905,'tamara905@gmail.com',_binary '','Tamara','tamara905','DNI',2),(906,'Colon','$2a$10$8k29uvv4/W6mNmBqJfAW0.3ljT6YAiVy9FHDvkcOb2yWxwIGzcMi',10000906,'christian906@gmail.com',_binary '','Christian','christian906','DNI',2),(907,'Armstrong','$2a$10$8k29uvv4/W6mNmBqJfAW0.3ljT6YAiVy9FHDvkcOb2yWxwIGzcMi',10000907,'joanna907@gmail.com',_binary '','Joanna','joanna907','DNI',2),(908,'Moss','$2a$10$8k29uvv4/W6mNmBqJfAW0.3ljT6YAiVy9FHDvkcOb2yWxwIGzcMi',10000908,'kyle908@gmail.com',_binary '','Kyle','kyle908','DNI',2),(909,'Lambert','$2a$10$8k29uvv4/W6mNmBqJfAW0.3ljT6YAiVy9FHDvkcOb2yWxwIGzcMi',10000909,'nicholas909@gmail.com',_binary '','Nicholas','nicholas909','DNI',2),(910,'Simpson','$2a$10$8k29uvv4/W6mNmBqJfAW0.3ljT6YAiVy9FHDvkcOb2yWxwIGzcMi',10000910,'john910@gmail.com',_binary '','John','john910','DNI',2),(911,'Arellano','$2a$10$8k29uvv4/W6mNmBqJfAW0.3ljT6YAiVy9FHDvkcOb2yWxwIGzcMi',10000911,'james911@gmail.com',_binary '','James','james911','DNI',2),(912,'Hooper','$2a$10$8k29uvv4/W6mNmBqJfAW0.3ljT6YAiVy9FHDvkcOb2yWxwIGzcMi',10000912,'wendy912@gmail.com',_binary '','Wendy','wendy912','DNI',2),(913,'Goodwin','$2a$10$8k29uvv4/W6mNmBqJfAW0.3ljT6YAiVy9FHDvkcOb2yWxwIGzcMi',10000913,'laura913@gmail.com',_binary '','Laura','laura913','DNI',2),(914,'Dunn','$2a$10$8k29uvv4/W6mNmBqJfAW0.3ljT6YAiVy9FHDvkcOb2yWxwIGzcMi',10000914,'patrick914@gmail.com',_binary '','Patrick','patrick914','DNI',2),(915,'Miranda','$2a$10$8k29uvv4/W6mNmBqJfAW0.3ljT6YAiVy9FHDvkcOb2yWxwIGzcMi',10000915,'tammy915@gmail.com',_binary '','Tammy','tammy915','DNI',2),(916,'Moran','$2a$10$8k29uvv4/W6mNmBqJfAW0.3ljT6YAiVy9FHDvkcOb2yWxwIGzcMi',10000916,'lucas916@gmail.com',_binary '','Lucas','lucas916','DNI',2),(917,'Kane','$2a$10$8k29uvv4/W6mNmBqJfAW0.3ljT6YAiVy9FHDvkcOb2yWxwIGzcMi',10000917,'joseph917@gmail.com',_binary '','Joseph','joseph917','DNI',2),(918,'Horne','$2a$10$8k29uvv4/W6mNmBqJfAW0.3ljT6YAiVy9FHDvkcOb2yWxwIGzcMi',10000918,'justin918@gmail.com',_binary '','Justin','justin918','DNI',2),(919,'Shepherd','$2a$10$8k29uvv4/W6mNmBqJfAW0.3ljT6YAiVy9FHDvkcOb2yWxwIGzcMi',10000919,'ryan919@gmail.com',_binary '','Ryan','ryan919','DNI',2),(920,'Knight','$2a$10$8k29uvv4/W6mNmBqJfAW0.3ljT6YAiVy9FHDvkcOb2yWxwIGzcMi',10000920,'desiree920@gmail.com',_binary '','Desiree','desiree920','DNI',2),(921,'Cervantes','$2a$10$8k29uvv4/W6mNmBqJfAW0.3ljT6YAiVy9FHDvkcOb2yWxwIGzcMi',10000921,'william921@gmail.com',_binary '','William','william921','DNI',2),(922,'Henderson','$2a$10$8k29uvv4/W6mNmBqJfAW0.3ljT6YAiVy9FHDvkcOb2yWxwIGzcMi',10000922,'courtney922@gmail.com',_binary '','Courtney','courtney922','DNI',2),(923,'Lester','$2a$10$8k29uvv4/W6mNmBqJfAW0.3ljT6YAiVy9FHDvkcOb2yWxwIGzcMi',10000923,'christine923@gmail.com',_binary '','Christine','christine923','DNI',2),(924,'Stevens','$2a$10$8k29uvv4/W6mNmBqJfAW0.3ljT6YAiVy9FHDvkcOb2yWxwIGzcMi',10000924,'jennifer924@gmail.com',_binary '','Jennifer','jennifer924','DNI',2),(925,'Moore','$2a$10$8k29uvv4/W6mNmBqJfAW0.3ljT6YAiVy9FHDvkcOb2yWxwIGzcMi',10000925,'brandon925@gmail.com',_binary '','Brandon','brandon925','DNI',2),(926,'Schultz','$2a$10$8k29uvv4/W6mNmBqJfAW0.3ljT6YAiVy9FHDvkcOb2yWxwIGzcMi',10000926,'tonya926@gmail.com',_binary '','Tonya','tonya926','DNI',2),(927,'Johnson','$2a$10$8k29uvv4/W6mNmBqJfAW0.3ljT6YAiVy9FHDvkcOb2yWxwIGzcMi',10000927,'cynthia927@gmail.com',_binary '','Cynthia','cynthia927','DNI',2),(928,'Johnson','$2a$10$8k29uvv4/W6mNmBqJfAW0.3ljT6YAiVy9FHDvkcOb2yWxwIGzcMi',10000928,'olivia928@gmail.com',_binary '','Olivia','olivia928','DNI',2),(929,'Ward','$2a$10$8k29uvv4/W6mNmBqJfAW0.3ljT6YAiVy9FHDvkcOb2yWxwIGzcMi',10000929,'jorge929@gmail.com',_binary '','Jorge','jorge929','DNI',2),(930,'Sanders','$2a$10$8k29uvv4/W6mNmBqJfAW0.3ljT6YAiVy9FHDvkcOb2yWxwIGzcMi',10000930,'michael930@gmail.com',_binary '','Michael','michael930','DNI',2),(931,'Gardner','$2a$10$8k29uvv4/W6mNmBqJfAW0.3ljT6YAiVy9FHDvkcOb2yWxwIGzcMi',10000931,'lauren931@gmail.com',_binary '','Lauren','lauren931','DNI',2),(932,'Flores','$2a$10$8k29uvv4/W6mNmBqJfAW0.3ljT6YAiVy9FHDvkcOb2yWxwIGzcMi',10000932,'gregory932@gmail.com',_binary '','Gregory','gregory932','DNI',2),(933,'Pierce','$2a$10$8k29uvv4/W6mNmBqJfAW0.3ljT6YAiVy9FHDvkcOb2yWxwIGzcMi',10000933,'heather933@gmail.com',_binary '','Heather','heather933','DNI',2),(934,'Cardenas','$2a$10$8k29uvv4/W6mNmBqJfAW0.3ljT6YAiVy9FHDvkcOb2yWxwIGzcMi',10000934,'timothy934@gmail.com',_binary '','Timothy','timothy934','DNI',2),(935,'Butler','$2a$10$8k29uvv4/W6mNmBqJfAW0.3ljT6YAiVy9FHDvkcOb2yWxwIGzcMi',10000935,'jennifer935@gmail.com',_binary '','Jennifer','jennifer935','DNI',2),(936,'Jefferson','$2a$10$8k29uvv4/W6mNmBqJfAW0.3ljT6YAiVy9FHDvkcOb2yWxwIGzcMi',10000936,'michael936@gmail.com',_binary '','Michael','michael936','DNI',2),(937,'Johnson','$2a$10$8k29uvv4/W6mNmBqJfAW0.3ljT6YAiVy9FHDvkcOb2yWxwIGzcMi',10000937,'pamela937@gmail.com',_binary '','Pamela','pamela937','DNI',2),(938,'Bird','$2a$10$8k29uvv4/W6mNmBqJfAW0.3ljT6YAiVy9FHDvkcOb2yWxwIGzcMi',10000938,'sarah938@gmail.com',_binary '','Sarah','sarah938','DNI',2),(939,'Davis','$2a$10$8k29uvv4/W6mNmBqJfAW0.3ljT6YAiVy9FHDvkcOb2yWxwIGzcMi',10000939,'eric939@gmail.com',_binary '','Eric','eric939','DNI',2),(940,'Lee','$2a$10$8k29uvv4/W6mNmBqJfAW0.3ljT6YAiVy9FHDvkcOb2yWxwIGzcMi',10000940,'shannon940@gmail.com',_binary '','Shannon','shannon940','DNI',2),(941,'Owens','$2a$10$8k29uvv4/W6mNmBqJfAW0.3ljT6YAiVy9FHDvkcOb2yWxwIGzcMi',10000941,'kathryn941@gmail.com',_binary '','Kathryn','kathryn941','DNI',2),(942,'Cuevas','$2a$10$8k29uvv4/W6mNmBqJfAW0.3ljT6YAiVy9FHDvkcOb2yWxwIGzcMi',10000942,'jason942@gmail.com',_binary '','Jason','jason942','DNI',2),(943,'Vazquez','$2a$10$8k29uvv4/W6mNmBqJfAW0.3ljT6YAiVy9FHDvkcOb2yWxwIGzcMi',10000943,'richard943@gmail.com',_binary '','Richard','richard943','DNI',2),(944,'Wolfe','$2a$10$8k29uvv4/W6mNmBqJfAW0.3ljT6YAiVy9FHDvkcOb2yWxwIGzcMi',10000944,'john944@gmail.com',_binary '','John','john944','DNI',2),(945,'Gilbert','$2a$10$8k29uvv4/W6mNmBqJfAW0.3ljT6YAiVy9FHDvkcOb2yWxwIGzcMi',10000945,'francis945@gmail.com',_binary '','Francis','francis945','DNI',2),(946,'Griffin','$2a$10$8k29uvv4/W6mNmBqJfAW0.3ljT6YAiVy9FHDvkcOb2yWxwIGzcMi',10000946,'jennifer946@gmail.com',_binary '','Jennifer','jennifer946','DNI',2),(947,'Parsons','$2a$10$8k29uvv4/W6mNmBqJfAW0.3ljT6YAiVy9FHDvkcOb2yWxwIGzcMi',10000947,'mark947@gmail.com',_binary '','Mark','mark947','DNI',2),(948,'Hughes','$2a$10$8k29uvv4/W6mNmBqJfAW0.3ljT6YAiVy9FHDvkcOb2yWxwIGzcMi',10000948,'amy948@gmail.com',_binary '','Amy','amy948','DNI',2),(949,'Hunt','$2a$10$8k29uvv4/W6mNmBqJfAW0.3ljT6YAiVy9FHDvkcOb2yWxwIGzcMi',10000949,'julie949@gmail.com',_binary '','Julie','julie949','DNI',2),(950,'Potter','$2a$10$8k29uvv4/W6mNmBqJfAW0.3ljT6YAiVy9FHDvkcOb2yWxwIGzcMi',10000950,'brian950@gmail.com',_binary '','Brian','brian950','DNI',2),(951,'Trujillo','$2a$10$8k29uvv4/W6mNmBqJfAW0.3ljT6YAiVy9FHDvkcOb2yWxwIGzcMi',10000951,'lawrence951@gmail.com',_binary '','Lawrence','lawrence951','DNI',2),(952,'Young','$2a$10$8k29uvv4/W6mNmBqJfAW0.3ljT6YAiVy9FHDvkcOb2yWxwIGzcMi',10000952,'david952@gmail.com',_binary '','David','david952','DNI',2),(953,'Thomas','$2a$10$8k29uvv4/W6mNmBqJfAW0.3ljT6YAiVy9FHDvkcOb2yWxwIGzcMi',10000953,'brian953@gmail.com',_binary '','Brian','brian953','DNI',2),(954,'Allison','$2a$10$8k29uvv4/W6mNmBqJfAW0.3ljT6YAiVy9FHDvkcOb2yWxwIGzcMi',10000954,'samantha954@gmail.com',_binary '','Samantha','samantha954','DNI',2),(955,'Shaw','$2a$10$8k29uvv4/W6mNmBqJfAW0.3ljT6YAiVy9FHDvkcOb2yWxwIGzcMi',10000955,'michael955@gmail.com',_binary '','Michael','michael955','DNI',2),(956,'Sheppard','$2a$10$8k29uvv4/W6mNmBqJfAW0.3ljT6YAiVy9FHDvkcOb2yWxwIGzcMi',10000956,'jonathan956@gmail.com',_binary '','Jonathan','jonathan956','DNI',2),(957,'Munoz','$2a$10$8k29uvv4/W6mNmBqJfAW0.3ljT6YAiVy9FHDvkcOb2yWxwIGzcMi',10000957,'warren957@gmail.com',_binary '','Warren','warren957','DNI',2),(958,'Hernandez','$2a$10$8k29uvv4/W6mNmBqJfAW0.3ljT6YAiVy9FHDvkcOb2yWxwIGzcMi',10000958,'thomas958@gmail.com',_binary '','Thomas','thomas958','DNI',2),(959,'Hunt','$2a$10$8k29uvv4/W6mNmBqJfAW0.3ljT6YAiVy9FHDvkcOb2yWxwIGzcMi',10000959,'crystal959@gmail.com',_binary '','Crystal','crystal959','DNI',2),(960,'Bennett','$2a$10$8k29uvv4/W6mNmBqJfAW0.3ljT6YAiVy9FHDvkcOb2yWxwIGzcMi',10000960,'daniel960@gmail.com',_binary '','Daniel','daniel960','DNI',2),(961,'Edwards','$2a$10$8k29uvv4/W6mNmBqJfAW0.3ljT6YAiVy9FHDvkcOb2yWxwIGzcMi',10000961,'thomas961@gmail.com',_binary '','Thomas','thomas961','DNI',2),(962,'Barnes','$2a$10$8k29uvv4/W6mNmBqJfAW0.3ljT6YAiVy9FHDvkcOb2yWxwIGzcMi',10000962,'judith962@gmail.com',_binary '','Judith','judith962','DNI',2),(963,'Lee','$2a$10$8k29uvv4/W6mNmBqJfAW0.3ljT6YAiVy9FHDvkcOb2yWxwIGzcMi',10000963,'robert963@gmail.com',_binary '','Robert','robert963','DNI',2),(964,'Payne','$2a$10$8k29uvv4/W6mNmBqJfAW0.3ljT6YAiVy9FHDvkcOb2yWxwIGzcMi',10000964,'stephanie964@gmail.com',_binary '','Stephanie','stephanie964','DNI',2),(965,'Hernandez','$2a$10$8k29uvv4/W6mNmBqJfAW0.3ljT6YAiVy9FHDvkcOb2yWxwIGzcMi',10000965,'ronald965@gmail.com',_binary '','Ronald','ronald965','DNI',2),(966,'Fisher','$2a$10$8k29uvv4/W6mNmBqJfAW0.3ljT6YAiVy9FHDvkcOb2yWxwIGzcMi',10000966,'kimberly966@gmail.com',_binary '','Kimberly','kimberly966','DNI',2),(967,'Gordon','$2a$10$8k29uvv4/W6mNmBqJfAW0.3ljT6YAiVy9FHDvkcOb2yWxwIGzcMi',10000967,'sandra967@gmail.com',_binary '','Sandra','sandra967','DNI',2),(968,'Howard','$2a$10$8k29uvv4/W6mNmBqJfAW0.3ljT6YAiVy9FHDvkcOb2yWxwIGzcMi',10000968,'jeffrey968@gmail.com',_binary '','Jeffrey','jeffrey968','DNI',2),(969,'Garrett','$2a$10$8k29uvv4/W6mNmBqJfAW0.3ljT6YAiVy9FHDvkcOb2yWxwIGzcMi',10000969,'susan969@gmail.com',_binary '','Susan','susan969','DNI',2),(970,'Nunez','$2a$10$8k29uvv4/W6mNmBqJfAW0.3ljT6YAiVy9FHDvkcOb2yWxwIGzcMi',10000970,'jane970@gmail.com',_binary '','Jane','jane970','DNI',2),(971,'Williams','$2a$10$8k29uvv4/W6mNmBqJfAW0.3ljT6YAiVy9FHDvkcOb2yWxwIGzcMi',10000971,'eugene971@gmail.com',_binary '','Eugene','eugene971','DNI',2),(972,'Oliver','$2a$10$8k29uvv4/W6mNmBqJfAW0.3ljT6YAiVy9FHDvkcOb2yWxwIGzcMi',10000972,'danielle972@gmail.com',_binary '','Danielle','danielle972','DNI',2),(973,'Stevenson','$2a$10$8k29uvv4/W6mNmBqJfAW0.3ljT6YAiVy9FHDvkcOb2yWxwIGzcMi',10000973,'lisa973@gmail.com',_binary '','Lisa','lisa973','DNI',2),(974,'Thomas','$2a$10$8k29uvv4/W6mNmBqJfAW0.3ljT6YAiVy9FHDvkcOb2yWxwIGzcMi',10000974,'edward974@gmail.com',_binary '','Edward','edward974','DNI',2),(975,'Crawford','$2a$10$8k29uvv4/W6mNmBqJfAW0.3ljT6YAiVy9FHDvkcOb2yWxwIGzcMi',10000975,'jason975@gmail.com',_binary '','Jason','jason975','DNI',2),(976,'Hinton','$2a$10$8k29uvv4/W6mNmBqJfAW0.3ljT6YAiVy9FHDvkcOb2yWxwIGzcMi',10000976,'nicholas976@gmail.com',_binary '','Nicholas','nicholas976','DNI',2),(977,'Williams','$2a$10$8k29uvv4/W6mNmBqJfAW0.3ljT6YAiVy9FHDvkcOb2yWxwIGzcMi',10000977,'megan977@gmail.com',_binary '','Megan','megan977','DNI',2),(978,'Alexander','$2a$10$8k29uvv4/W6mNmBqJfAW0.3ljT6YAiVy9FHDvkcOb2yWxwIGzcMi',10000978,'edward978@gmail.com',_binary '','Edward','edward978','DNI',2),(979,'Ford','$2a$10$8k29uvv4/W6mNmBqJfAW0.3ljT6YAiVy9FHDvkcOb2yWxwIGzcMi',10000979,'leslie979@gmail.com',_binary '','Leslie','leslie979','DNI',2),(980,'Brown','$2a$10$8k29uvv4/W6mNmBqJfAW0.3ljT6YAiVy9FHDvkcOb2yWxwIGzcMi',10000980,'mark980@gmail.com',_binary '','Mark','mark980','DNI',2),(981,'Peck','$2a$10$8k29uvv4/W6mNmBqJfAW0.3ljT6YAiVy9FHDvkcOb2yWxwIGzcMi',10000981,'robert981@gmail.com',_binary '','Robert','robert981','DNI',2),(982,'Gibbs','$2a$10$8k29uvv4/W6mNmBqJfAW0.3ljT6YAiVy9FHDvkcOb2yWxwIGzcMi',10000982,'joseph982@gmail.com',_binary '','Joseph','joseph982','DNI',2),(983,'King','$2a$10$8k29uvv4/W6mNmBqJfAW0.3ljT6YAiVy9FHDvkcOb2yWxwIGzcMi',10000983,'wanda983@gmail.com',_binary '','Wanda','wanda983','DNI',2),(984,'Randolph','$2a$10$8k29uvv4/W6mNmBqJfAW0.3ljT6YAiVy9FHDvkcOb2yWxwIGzcMi',10000984,'robert984@gmail.com',_binary '','Robert','robert984','DNI',2),(985,'Lamb','$2a$10$8k29uvv4/W6mNmBqJfAW0.3ljT6YAiVy9FHDvkcOb2yWxwIGzcMi',10000985,'willie985@gmail.com',_binary '','Willie','willie985','DNI',2),(986,'Davis','$2a$10$8k29uvv4/W6mNmBqJfAW0.3ljT6YAiVy9FHDvkcOb2yWxwIGzcMi',10000986,'dana986@gmail.com',_binary '','Dana','dana986','DNI',2),(987,'Turner','$2a$10$8k29uvv4/W6mNmBqJfAW0.3ljT6YAiVy9FHDvkcOb2yWxwIGzcMi',10000987,'cheryl987@gmail.com',_binary '','Cheryl','cheryl987','DNI',2),(988,'Fisher','$2a$10$8k29uvv4/W6mNmBqJfAW0.3ljT6YAiVy9FHDvkcOb2yWxwIGzcMi',10000988,'tiffany988@gmail.com',_binary '','Tiffany','tiffany988','DNI',2),(989,'Howard','$2a$10$8k29uvv4/W6mNmBqJfAW0.3ljT6YAiVy9FHDvkcOb2yWxwIGzcMi',10000989,'dana989@gmail.com',_binary '','Dana','dana989','DNI',2),(990,'Jones','$2a$10$8k29uvv4/W6mNmBqJfAW0.3ljT6YAiVy9FHDvkcOb2yWxwIGzcMi',10000990,'karen990@gmail.com',_binary '','Karen','karen990','DNI',2),(991,'Adams','$2a$10$8k29uvv4/W6mNmBqJfAW0.3ljT6YAiVy9FHDvkcOb2yWxwIGzcMi',10000991,'christopher991@gmail.com',_binary '','Christopher','christopher991','DNI',2),(992,'Mccoy','$2a$10$8k29uvv4/W6mNmBqJfAW0.3ljT6YAiVy9FHDvkcOb2yWxwIGzcMi',10000992,'william992@gmail.com',_binary '','William','william992','DNI',2),(993,'Wood','$2a$10$8k29uvv4/W6mNmBqJfAW0.3ljT6YAiVy9FHDvkcOb2yWxwIGzcMi',10000993,'jeffrey993@gmail.com',_binary '','Jeffrey','jeffrey993','DNI',2),(994,'Brown','$2a$10$8k29uvv4/W6mNmBqJfAW0.3ljT6YAiVy9FHDvkcOb2yWxwIGzcMi',10000994,'christopher994@gmail.com',_binary '','Christopher','christopher994','DNI',2),(995,'Harris','$2a$10$8k29uvv4/W6mNmBqJfAW0.3ljT6YAiVy9FHDvkcOb2yWxwIGzcMi',10000995,'phillip995@gmail.com',_binary '','Phillip','phillip995','DNI',2),(996,'Mitchell','$2a$10$8k29uvv4/W6mNmBqJfAW0.3ljT6YAiVy9FHDvkcOb2yWxwIGzcMi',10000996,'jessica996@gmail.com',_binary '','Jessica','jessica996','DNI',2),(997,'Howard','$2a$10$8k29uvv4/W6mNmBqJfAW0.3ljT6YAiVy9FHDvkcOb2yWxwIGzcMi',10000997,'jennifer997@gmail.com',_binary '','Jennifer','jennifer997','DNI',2),(998,'Chapman','$2a$10$8k29uvv4/W6mNmBqJfAW0.3ljT6YAiVy9FHDvkcOb2yWxwIGzcMi',10000998,'diana998@gmail.com',_binary '','Diana','diana998','DNI',2),(999,'Stone','$2a$10$8k29uvv4/W6mNmBqJfAW0.3ljT6YAiVy9FHDvkcOb2yWxwIGzcMi',10000999,'emily999@gmail.com',_binary '','Emily','emily999','DNI',2),(1000,'Stuart','$2a$10$8k29uvv4/W6mNmBqJfAW0.3ljT6YAiVy9FHDvkcOb2yWxwIGzcMi',100001000,'sandra1000@gmail.com',_binary '','Sandra','sandra1000','DNI',2),(1001,'Carter','$2a$10$8k29uvv4/W6mNmBqJfAW0.3ljT6YAiVy9FHDvkcOb2yWxwIGzcMi',100001001,'melissa1001@gmail.com',_binary '','Melissa','melissa1001','DNI',2),(1002,'Washington','$2a$10$8k29uvv4/W6mNmBqJfAW0.3ljT6YAiVy9FHDvkcOb2yWxwIGzcMi',100001002,'kurt1002@gmail.com',_binary '','Kurt','kurt1002','DNI',2),(1003,'Miller','$2a$10$8k29uvv4/W6mNmBqJfAW0.3ljT6YAiVy9FHDvkcOb2yWxwIGzcMi',100001003,'lori1003@gmail.com',_binary '','Lori','lori1003','DNI',2),(1004,'King','$2a$10$8k29uvv4/W6mNmBqJfAW0.3ljT6YAiVy9FHDvkcOb2yWxwIGzcMi',100001004,'jason1004@gmail.com',_binary '','Jason','jason1004','DNI',2),(1005,'French','$2a$10$8k29uvv4/W6mNmBqJfAW0.3ljT6YAiVy9FHDvkcOb2yWxwIGzcMi',100001005,'daniel1005@gmail.com',_binary '','Daniel','daniel1005','DNI',2),(1006,'Patton','$2a$10$8k29uvv4/W6mNmBqJfAW0.3ljT6YAiVy9FHDvkcOb2yWxwIGzcMi',100001006,'eugene1006@gmail.com',_binary '','Eugene','eugene1006','DNI',2),(1007,'Rogers','$2a$10$8k29uvv4/W6mNmBqJfAW0.3ljT6YAiVy9FHDvkcOb2yWxwIGzcMi',100001007,'denise1007@gmail.com',_binary '','Denise','denise1007','DNI',2),(1008,'Yu','$2a$10$8k29uvv4/W6mNmBqJfAW0.3ljT6YAiVy9FHDvkcOb2yWxwIGzcMi',100001008,'darrell1008@gmail.com',_binary '','Darrell','darrell1008','DNI',2),(1009,'Mcfarland','$2a$10$8k29uvv4/W6mNmBqJfAW0.3ljT6YAiVy9FHDvkcOb2yWxwIGzcMi',100001009,'donna1009@gmail.com',_binary '','Donna','donna1009','DNI',2),(1010,'Jones','$2a$10$8k29uvv4/W6mNmBqJfAW0.3ljT6YAiVy9FHDvkcOb2yWxwIGzcMi',100001010,'brian1010@gmail.com',_binary '','Brian','brian1010','DNI',2),(1011,'Lee','$2a$10$8k29uvv4/W6mNmBqJfAW0.3ljT6YAiVy9FHDvkcOb2yWxwIGzcMi',100001011,'amanda1011@gmail.com',_binary '','Amanda','amanda1011','DNI',2),(1012,'Horton','$2a$10$8k29uvv4/W6mNmBqJfAW0.3ljT6YAiVy9FHDvkcOb2yWxwIGzcMi',100001012,'maria1012@gmail.com',_binary '','Maria','maria1012','DNI',2),(1013,'James','$2a$10$8k29uvv4/W6mNmBqJfAW0.3ljT6YAiVy9FHDvkcOb2yWxwIGzcMi',100001013,'joshua1013@gmail.com',_binary '','Joshua','joshua1013','DNI',2),(1014,'Torres','$2a$10$8k29uvv4/W6mNmBqJfAW0.3ljT6YAiVy9FHDvkcOb2yWxwIGzcMi',100001014,'jonathan1014@gmail.com',_binary '','Jonathan','jonathan1014','DNI',2),(1015,'Perez','$2a$10$8k29uvv4/W6mNmBqJfAW0.3ljT6YAiVy9FHDvkcOb2yWxwIGzcMi',100001015,'jeffrey1015@gmail.com',_binary '','Jeffrey','jeffrey1015','DNI',2),(1016,'Gray','$2a$10$8k29uvv4/W6mNmBqJfAW0.3ljT6YAiVy9FHDvkcOb2yWxwIGzcMi',100001016,'jason1016@gmail.com',_binary '','Jason','jason1016','DNI',2),(1017,'Sandoval','$2a$10$8k29uvv4/W6mNmBqJfAW0.3ljT6YAiVy9FHDvkcOb2yWxwIGzcMi',100001017,'chad1017@gmail.com',_binary '','Chad','chad1017','DNI',2),(1018,'Ford','$2a$10$8k29uvv4/W6mNmBqJfAW0.3ljT6YAiVy9FHDvkcOb2yWxwIGzcMi',100001018,'jennifer1018@gmail.com',_binary '','Jennifer','jennifer1018','DNI',2),(1019,'Harrison','$2a$10$8k29uvv4/W6mNmBqJfAW0.3ljT6YAiVy9FHDvkcOb2yWxwIGzcMi',100001019,'sandra1019@gmail.com',_binary '','Sandra','sandra1019','DNI',2),(1020,'Mills','$2a$10$8k29uvv4/W6mNmBqJfAW0.3ljT6YAiVy9FHDvkcOb2yWxwIGzcMi',100001020,'frederick1020@gmail.com',_binary '','Frederick','frederick1020','DNI',2),(1021,'Stewart','$2a$10$8k29uvv4/W6mNmBqJfAW0.3ljT6YAiVy9FHDvkcOb2yWxwIGzcMi',100001021,'sara1021@gmail.com',_binary '','Sara','sara1021','DNI',2),(1022,'Carson','$2a$10$8k29uvv4/W6mNmBqJfAW0.3ljT6YAiVy9FHDvkcOb2yWxwIGzcMi',100001022,'anthony1022@gmail.com',_binary '','Anthony','anthony1022','DNI',2),(1023,'Hawkins','$2a$10$8k29uvv4/W6mNmBqJfAW0.3ljT6YAiVy9FHDvkcOb2yWxwIGzcMi',100001023,'caitlin1023@gmail.com',_binary '','Caitlin','caitlin1023','DNI',2),(1024,'Rose','$2a$10$8k29uvv4/W6mNmBqJfAW0.3ljT6YAiVy9FHDvkcOb2yWxwIGzcMi',100001024,'stephanie1024@gmail.com',_binary '','Stephanie','stephanie1024','DNI',2),(1025,'Conley','$2a$10$8k29uvv4/W6mNmBqJfAW0.3ljT6YAiVy9FHDvkcOb2yWxwIGzcMi',100001025,'phillip1025@gmail.com',_binary '','Phillip','phillip1025','DNI',2),(1026,'Cook','$2a$10$8k29uvv4/W6mNmBqJfAW0.3ljT6YAiVy9FHDvkcOb2yWxwIGzcMi',100001026,'joshua1026@gmail.com',_binary '','Joshua','joshua1026','DNI',2),(1027,'Morrison','$2a$10$8k29uvv4/W6mNmBqJfAW0.3ljT6YAiVy9FHDvkcOb2yWxwIGzcMi',100001027,'jenna1027@gmail.com',_binary '','Jenna','jenna1027','DNI',2),(1028,'Moody','$2a$10$8k29uvv4/W6mNmBqJfAW0.3ljT6YAiVy9FHDvkcOb2yWxwIGzcMi',100001028,'george1028@gmail.com',_binary '','George','george1028','DNI',2),(1029,'Schneider','$2a$10$8k29uvv4/W6mNmBqJfAW0.3ljT6YAiVy9FHDvkcOb2yWxwIGzcMi',100001029,'david1029@gmail.com',_binary '','David','david1029','DNI',2),(1030,'Zimmerman','$2a$10$8k29uvv4/W6mNmBqJfAW0.3ljT6YAiVy9FHDvkcOb2yWxwIGzcMi',100001030,'joshua1030@gmail.com',_binary '','Joshua','joshua1030','DNI',2),(1031,'Edwards','$2a$10$8k29uvv4/W6mNmBqJfAW0.3ljT6YAiVy9FHDvkcOb2yWxwIGzcMi',100001031,'christina1031@gmail.com',_binary '','Christina','christina1031','DNI',2),(1032,'Rivera','$2a$10$8k29uvv4/W6mNmBqJfAW0.3ljT6YAiVy9FHDvkcOb2yWxwIGzcMi',100001032,'lauren1032@gmail.com',_binary '','Lauren','lauren1032','DNI',2),(1033,'Russo','$2a$10$8k29uvv4/W6mNmBqJfAW0.3ljT6YAiVy9FHDvkcOb2yWxwIGzcMi',100001033,'rebecca1033@gmail.com',_binary '','Rebecca','rebecca1033','DNI',2),(1034,'Miller','$2a$10$8k29uvv4/W6mNmBqJfAW0.3ljT6YAiVy9FHDvkcOb2yWxwIGzcMi',100001034,'tony1034@gmail.com',_binary '','Tony','tony1034','DNI',2),(1035,'Reyes','$2a$10$8k29uvv4/W6mNmBqJfAW0.3ljT6YAiVy9FHDvkcOb2yWxwIGzcMi',100001035,'veronica1035@gmail.com',_binary '','Veronica','veronica1035','DNI',2),(1036,'Perez','$2a$10$8k29uvv4/W6mNmBqJfAW0.3ljT6YAiVy9FHDvkcOb2yWxwIGzcMi',100001036,'dawn1036@gmail.com',_binary '','Dawn','dawn1036','DNI',2),(1037,'Johnson','$2a$10$8k29uvv4/W6mNmBqJfAW0.3ljT6YAiVy9FHDvkcOb2yWxwIGzcMi',100001037,'ryan1037@gmail.com',_binary '','Ryan','ryan1037','DNI',2),(1038,'Reynolds','$2a$10$8k29uvv4/W6mNmBqJfAW0.3ljT6YAiVy9FHDvkcOb2yWxwIGzcMi',100001038,'jerry1038@gmail.com',_binary '','Jerry','jerry1038','DNI',2),(1039,'Patel','$2a$10$8k29uvv4/W6mNmBqJfAW0.3ljT6YAiVy9FHDvkcOb2yWxwIGzcMi',100001039,'geoffrey1039@gmail.com',_binary '','Geoffrey','geoffrey1039','DNI',2),(1040,'Solomon','$2a$10$8k29uvv4/W6mNmBqJfAW0.3ljT6YAiVy9FHDvkcOb2yWxwIGzcMi',100001040,'jennifer1040@gmail.com',_binary '','Jennifer','jennifer1040','DNI',2),(1041,'Bowers','$2a$10$8k29uvv4/W6mNmBqJfAW0.3ljT6YAiVy9FHDvkcOb2yWxwIGzcMi',100001041,'eddie1041@gmail.com',_binary '','Eddie','eddie1041','DNI',2),(1042,'Davis','$2a$10$8k29uvv4/W6mNmBqJfAW0.3ljT6YAiVy9FHDvkcOb2yWxwIGzcMi',100001042,'karen1042@gmail.com',_binary '','Karen','karen1042','DNI',2),(1043,'Bradley','$2a$10$8k29uvv4/W6mNmBqJfAW0.3ljT6YAiVy9FHDvkcOb2yWxwIGzcMi',100001043,'michelle1043@gmail.com',_binary '','Michelle','michelle1043','DNI',2),(1044,'Crane','$2a$10$8k29uvv4/W6mNmBqJfAW0.3ljT6YAiVy9FHDvkcOb2yWxwIGzcMi',100001044,'andrew1044@gmail.com',_binary '','Andrew','andrew1044','DNI',2),(1045,'Thompson','$2a$10$8k29uvv4/W6mNmBqJfAW0.3ljT6YAiVy9FHDvkcOb2yWxwIGzcMi',100001045,'ian1045@gmail.com',_binary '','Ian','ian1045','DNI',2),(1046,'Molina','$2a$10$8k29uvv4/W6mNmBqJfAW0.3ljT6YAiVy9FHDvkcOb2yWxwIGzcMi',100001046,'bobby1046@gmail.com',_binary '','Bobby','bobby1046','DNI',2),(1047,'Douglas','$2a$10$8k29uvv4/W6mNmBqJfAW0.3ljT6YAiVy9FHDvkcOb2yWxwIGzcMi',100001047,'michael1047@gmail.com',_binary '','Michael','michael1047','DNI',2),(1048,'Brown','$2a$10$8k29uvv4/W6mNmBqJfAW0.3ljT6YAiVy9FHDvkcOb2yWxwIGzcMi',100001048,'stephanie1048@gmail.com',_binary '','Stephanie','stephanie1048','DNI',2),(1049,'Medina','$2a$10$8k29uvv4/W6mNmBqJfAW0.3ljT6YAiVy9FHDvkcOb2yWxwIGzcMi',100001049,'kathryn1049@gmail.com',_binary '','Kathryn','kathryn1049','DNI',2),(1050,'Walker','$2a$10$8k29uvv4/W6mNmBqJfAW0.3ljT6YAiVy9FHDvkcOb2yWxwIGzcMi',100001050,'christine1050@gmail.com',_binary '','Christine','christine1050','DNI',2),(1051,'Sweeney','$2a$10$8k29uvv4/W6mNmBqJfAW0.3ljT6YAiVy9FHDvkcOb2yWxwIGzcMi',100001051,'luke1051@gmail.com',_binary '','Luke','luke1051','DNI',2),(1052,'Davis','$2a$10$8k29uvv4/W6mNmBqJfAW0.3ljT6YAiVy9FHDvkcOb2yWxwIGzcMi',100001052,'andrea1052@gmail.com',_binary '','Andrea','andrea1052','DNI',2),(1053,'Diaz','$2a$10$8k29uvv4/W6mNmBqJfAW0.3ljT6YAiVy9FHDvkcOb2yWxwIGzcMi',100001053,'carl1053@gmail.com',_binary '','Carl','carl1053','DNI',2),(1054,'Williams','$2a$10$8k29uvv4/W6mNmBqJfAW0.3ljT6YAiVy9FHDvkcOb2yWxwIGzcMi',100001054,'daniel1054@gmail.com',_binary '','Daniel','daniel1054','DNI',2),(1055,'Lam','$2a$10$8k29uvv4/W6mNmBqJfAW0.3ljT6YAiVy9FHDvkcOb2yWxwIGzcMi',100001055,'joshua1055@gmail.com',_binary '','Joshua','joshua1055','DNI',2),(1056,'Smith','$2a$10$8k29uvv4/W6mNmBqJfAW0.3ljT6YAiVy9FHDvkcOb2yWxwIGzcMi',100001056,'raymond1056@gmail.com',_binary '','Raymond','raymond1056','DNI',2),(1057,'Hendricks','$2a$10$8k29uvv4/W6mNmBqJfAW0.3ljT6YAiVy9FHDvkcOb2yWxwIGzcMi',100001057,'antonio1057@gmail.com',_binary '','Antonio','antonio1057','DNI',2),(1058,'Ray','$2a$10$8k29uvv4/W6mNmBqJfAW0.3ljT6YAiVy9FHDvkcOb2yWxwIGzcMi',100001058,'eric1058@gmail.com',_binary '','Eric','eric1058','DNI',2),(1059,'James','$2a$10$8k29uvv4/W6mNmBqJfAW0.3ljT6YAiVy9FHDvkcOb2yWxwIGzcMi',100001059,'amanda1059@gmail.com',_binary '','Amanda','amanda1059','DNI',2),(1060,'Alexander','$2a$10$8k29uvv4/W6mNmBqJfAW0.3ljT6YAiVy9FHDvkcOb2yWxwIGzcMi',100001060,'adam1060@gmail.com',_binary '','Adam','adam1060','DNI',2),(1061,'Lee','$2a$10$8k29uvv4/W6mNmBqJfAW0.3ljT6YAiVy9FHDvkcOb2yWxwIGzcMi',100001061,'nathan1061@gmail.com',_binary '','Nathan','nathan1061','DNI',2),(1062,'Richardson','$2a$10$8k29uvv4/W6mNmBqJfAW0.3ljT6YAiVy9FHDvkcOb2yWxwIGzcMi',100001062,'maria1062@gmail.com',_binary '','Maria','maria1062','DNI',2),(1063,'Smith','$2a$10$8k29uvv4/W6mNmBqJfAW0.3ljT6YAiVy9FHDvkcOb2yWxwIGzcMi',100001063,'tom1063@gmail.com',_binary '','Tom','tom1063','DNI',2),(1064,'Hernandez','$2a$10$8k29uvv4/W6mNmBqJfAW0.3ljT6YAiVy9FHDvkcOb2yWxwIGzcMi',100001064,'jenny1064@gmail.com',_binary '','Jenny','jenny1064','DNI',2),(1065,'Moore','$2a$10$8k29uvv4/W6mNmBqJfAW0.3ljT6YAiVy9FHDvkcOb2yWxwIGzcMi',100001065,'jessica1065@gmail.com',_binary '','Jessica','jessica1065','DNI',2),(1066,'Gonzales','$2a$10$8k29uvv4/W6mNmBqJfAW0.3ljT6YAiVy9FHDvkcOb2yWxwIGzcMi',100001066,'julia1066@gmail.com',_binary '','Julia','julia1066','DNI',2),(1067,'Monroe','$2a$10$8k29uvv4/W6mNmBqJfAW0.3ljT6YAiVy9FHDvkcOb2yWxwIGzcMi',100001067,'zachary1067@gmail.com',_binary '','Zachary','zachary1067','DNI',2),(1068,'Houston','$2a$10$8k29uvv4/W6mNmBqJfAW0.3ljT6YAiVy9FHDvkcOb2yWxwIGzcMi',100001068,'joshua1068@gmail.com',_binary '','Joshua','joshua1068','DNI',2),(1069,'Griffith','$2a$10$8k29uvv4/W6mNmBqJfAW0.3ljT6YAiVy9FHDvkcOb2yWxwIGzcMi',100001069,'shelley1069@gmail.com',_binary '','Shelley','shelley1069','DNI',2),(1070,'Velez','$2a$10$8k29uvv4/W6mNmBqJfAW0.3ljT6YAiVy9FHDvkcOb2yWxwIGzcMi',100001070,'kevin1070@gmail.com',_binary '','Kevin','kevin1070','DNI',2),(1071,'Le','$2a$10$8k29uvv4/W6mNmBqJfAW0.3ljT6YAiVy9FHDvkcOb2yWxwIGzcMi',100001071,'mary1071@gmail.com',_binary '','Mary','mary1071','DNI',2),(1072,'May','$2a$10$8k29uvv4/W6mNmBqJfAW0.3ljT6YAiVy9FHDvkcOb2yWxwIGzcMi',100001072,'robert1072@gmail.com',_binary '','Robert','robert1072','DNI',2),(1073,'Fuller','$2a$10$8k29uvv4/W6mNmBqJfAW0.3ljT6YAiVy9FHDvkcOb2yWxwIGzcMi',100001073,'todd1073@gmail.com',_binary '','Todd','todd1073','DNI',2),(1074,'Diaz','$2a$10$8k29uvv4/W6mNmBqJfAW0.3ljT6YAiVy9FHDvkcOb2yWxwIGzcMi',100001074,'edward1074@gmail.com',_binary '','Edward','edward1074','DNI',2),(1075,'Hubbard','$2a$10$8k29uvv4/W6mNmBqJfAW0.3ljT6YAiVy9FHDvkcOb2yWxwIGzcMi',100001075,'michelle1075@gmail.com',_binary '','Michelle','michelle1075','DNI',2),(1076,'Ramirez','$2a$10$8k29uvv4/W6mNmBqJfAW0.3ljT6YAiVy9FHDvkcOb2yWxwIGzcMi',100001076,'kathryn1076@gmail.com',_binary '','Kathryn','kathryn1076','DNI',2),(1077,'Murray','$2a$10$8k29uvv4/W6mNmBqJfAW0.3ljT6YAiVy9FHDvkcOb2yWxwIGzcMi',100001077,'rachel1077@gmail.com',_binary '','Rachel','rachel1077','DNI',2),(1078,'Crosby','$2a$10$8k29uvv4/W6mNmBqJfAW0.3ljT6YAiVy9FHDvkcOb2yWxwIGzcMi',100001078,'eduardo1078@gmail.com',_binary '','Eduardo','eduardo1078','DNI',2),(1079,'Diaz','$2a$10$8k29uvv4/W6mNmBqJfAW0.3ljT6YAiVy9FHDvkcOb2yWxwIGzcMi',100001079,'vanessa1079@gmail.com',_binary '','Vanessa','vanessa1079','DNI',2),(1080,'Williams','$2a$10$8k29uvv4/W6mNmBqJfAW0.3ljT6YAiVy9FHDvkcOb2yWxwIGzcMi',100001080,'kathy1080@gmail.com',_binary '','Kathy','kathy1080','DNI',2),(1081,'Gallagher','$2a$10$8k29uvv4/W6mNmBqJfAW0.3ljT6YAiVy9FHDvkcOb2yWxwIGzcMi',100001081,'jennifer1081@gmail.com',_binary '','Jennifer','jennifer1081','DNI',2),(1082,'Schneider','$2a$10$8k29uvv4/W6mNmBqJfAW0.3ljT6YAiVy9FHDvkcOb2yWxwIGzcMi',100001082,'john1082@gmail.com',_binary '','John','john1082','DNI',2),(1083,'Paul','$2a$10$8k29uvv4/W6mNmBqJfAW0.3ljT6YAiVy9FHDvkcOb2yWxwIGzcMi',100001083,'matthew1083@gmail.com',_binary '','Matthew','matthew1083','DNI',2),(1084,'Jones','$2a$10$8k29uvv4/W6mNmBqJfAW0.3ljT6YAiVy9FHDvkcOb2yWxwIGzcMi',100001084,'robert1084@gmail.com',_binary '','Robert','robert1084','DNI',2),(1085,'Martinez','$2a$10$8k29uvv4/W6mNmBqJfAW0.3ljT6YAiVy9FHDvkcOb2yWxwIGzcMi',100001085,'troy1085@gmail.com',_binary '','Troy','troy1085','DNI',2),(1086,'Martinez','$2a$10$8k29uvv4/W6mNmBqJfAW0.3ljT6YAiVy9FHDvkcOb2yWxwIGzcMi',100001086,'joy1086@gmail.com',_binary '','Joy','joy1086','DNI',2),(1087,'Mccarthy','$2a$10$8k29uvv4/W6mNmBqJfAW0.3ljT6YAiVy9FHDvkcOb2yWxwIGzcMi',100001087,'timothy1087@gmail.com',_binary '','Timothy','timothy1087','DNI',2),(1088,'Alvarez','$2a$10$8k29uvv4/W6mNmBqJfAW0.3ljT6YAiVy9FHDvkcOb2yWxwIGzcMi',100001088,'tami1088@gmail.com',_binary '','Tami','tami1088','DNI',2),(1089,'Moore','$2a$10$8k29uvv4/W6mNmBqJfAW0.3ljT6YAiVy9FHDvkcOb2yWxwIGzcMi',100001089,'troy1089@gmail.com',_binary '','Troy','troy1089','DNI',2),(1090,'Mueller','$2a$10$8k29uvv4/W6mNmBqJfAW0.3ljT6YAiVy9FHDvkcOb2yWxwIGzcMi',100001090,'angela1090@gmail.com',_binary '','Angela','angela1090','DNI',2),(1091,'Howard','$2a$10$8k29uvv4/W6mNmBqJfAW0.3ljT6YAiVy9FHDvkcOb2yWxwIGzcMi',100001091,'stephanie1091@gmail.com',_binary '','Stephanie','stephanie1091','DNI',2),(1092,'Roth','$2a$10$8k29uvv4/W6mNmBqJfAW0.3ljT6YAiVy9FHDvkcOb2yWxwIGzcMi',100001092,'jeremy1092@gmail.com',_binary '','Jeremy','jeremy1092','DNI',2),(1093,'Harris','$2a$10$8k29uvv4/W6mNmBqJfAW0.3ljT6YAiVy9FHDvkcOb2yWxwIGzcMi',100001093,'austin1093@gmail.com',_binary '','Austin','austin1093','DNI',2),(1094,'Oliver','$2a$10$8k29uvv4/W6mNmBqJfAW0.3ljT6YAiVy9FHDvkcOb2yWxwIGzcMi',100001094,'gina1094@gmail.com',_binary '','Gina','gina1094','DNI',2),(1095,'Gomez','$2a$10$8k29uvv4/W6mNmBqJfAW0.3ljT6YAiVy9FHDvkcOb2yWxwIGzcMi',100001095,'brandy1095@gmail.com',_binary '','Brandy','brandy1095','DNI',2),(1096,'Alvarez','$2a$10$8k29uvv4/W6mNmBqJfAW0.3ljT6YAiVy9FHDvkcOb2yWxwIGzcMi',100001096,'stacy1096@gmail.com',_binary '','Stacy','stacy1096','DNI',2),(1097,'Gates','$2a$10$8k29uvv4/W6mNmBqJfAW0.3ljT6YAiVy9FHDvkcOb2yWxwIGzcMi',100001097,'cody1097@gmail.com',_binary '','Cody','cody1097','DNI',2),(1098,'Griffith','$2a$10$8k29uvv4/W6mNmBqJfAW0.3ljT6YAiVy9FHDvkcOb2yWxwIGzcMi',100001098,'cassandra1098@gmail.com',_binary '','Cassandra','cassandra1098','DNI',2),(1099,'Pace','$2a$10$8k29uvv4/W6mNmBqJfAW0.3ljT6YAiVy9FHDvkcOb2yWxwIGzcMi',100001099,'gregory1099@gmail.com',_binary '','Gregory','gregory1099','DNI',2),(1100,'Hughes','$2a$10$8k29uvv4/W6mNmBqJfAW0.3ljT6YAiVy9FHDvkcOb2yWxwIGzcMi',100001100,'alexandra1100@gmail.com',_binary '','Alexandra','alexandra1100','DNI',2);
/*!40000 ALTER TABLE `estudiante` ENABLE KEYS */;
UNLOCK TABLES;

--
-- Table structure for table `inscripcion`
--

DROP TABLE IF EXISTS `inscripcion`;
/*!40101 SET @saved_cs_client     = @@character_set_client */;
/*!50503 SET character_set_client = utf8mb4 */;
CREATE TABLE `inscripcion` (
  `id_estudiante` int NOT NULL,
  `id_materia` int NOT NULL,
  KEY `FK7hp4bwlnswm3ygsy81a65r5wt` (`id_materia`),
  KEY `FK8hgaf3r1wwea199gneh6m8035` (`id_estudiante`),
  CONSTRAINT `FK7hp4bwlnswm3ygsy81a65r5wt` FOREIGN KEY (`id_materia`) REFERENCES `materia` (`id`),
  CONSTRAINT `FK8hgaf3r1wwea199gneh6m8035` FOREIGN KEY (`id_estudiante`) REFERENCES `estudiante` (`id_usuario`)
) ENGINE=InnoDB DEFAULT CHARSET=utf8mb4 COLLATE=utf8mb4_0900_ai_ci;
/*!40101 SET character_set_client = @saved_cs_client */;

--
-- Dumping data for table `inscripcion`
--

LOCK TABLES `inscripcion` WRITE;
/*!40000 ALTER TABLE `inscripcion` DISABLE KEYS */;
INSERT INTO `inscripcion` VALUES (73,1),(12,1),(80,1),(48,1),(75,1),(92,1),(16,1),(40,1),(71,1),(64,1),(93,1),(6,1),(85,1),(36,1),(84,1),(29,1),(62,1),(59,1),(73,1),(41,1),(95,1),(79,1),(69,1),(7,1),(6,1),(19,2),(52,2),(26,2),(3,2),(83,2),(51,2),(22,2),(84,2),(46,2),(24,2),(57,2),(76,2),(72,2),(28,2),(70,2),(48,2),(81,2),(41,2),(23,2),(58,2),(83,2),(29,2),(53,2),(26,2),(96,2),(57,2),(4,2),(98,2),(80,2),(2,2),(39,2),(61,2),(46,2),(21,2),(79,2),(73,2),(62,2),(30,2),(10,2),(75,2),(64,3),(40,3),(87,3),(50,3),(89,3),(9,3),(12,4),(55,4),(28,4),(4,4),(42,4),(44,4),(93,4),(15,4),(1,4),(6,4),(73,4),(35,4),(60,4),(27,4),(46,4),(99,4),(100,4),(24,4),(38,4),(70,4),(89,5),(66,5),(16,5),(70,5),(39,5),(68,5),(80,5),(21,5),(55,5),(7,5),(43,5),(36,5),(85,5),(63,5),(81,5),(56,5),(12,5),(73,5),(4,5),(42,5),(31,6),(13,6),(44,6),(40,6),(54,6),(99,6),(68,6),(28,6),(67,6),(96,6),(83,6),(14,6),(69,6),(30,6),(66,6),(77,6),(56,6),(7,6),(16,6),(38,6),(54,7),(30,7),(21,7),(82,7),(83,7),(20,7),(19,7),(65,7),(68,7),(84,7),(59,7),(46,7),(62,7),(70,7),(87,7),(44,7),(6,7),(63,7),(36,7),(16,7),(20,8),(94,8),(62,8),(49,8),(93,8),(65,8),(3,8),(55,8),(100,8),(44,8),(76,8),(10,8),(85,8),(29,8),(8,8),(24,9),(49,9),(21,9),(40,9),(93,9),(65,9),(1,9),(23,9),(51,9),(64,9),(47,9),(62,9),(11,9),(60,9),(30,9),(84,9),(80,9),(33,9),(58,9),(55,9),(64,10),(73,10),(86,10),(94,10),(59,10),(82,10),(92,10),(13,10),(98,10),(87,10),(30,10),(99,10),(74,10),(38,10),(68,10),(50,10),(23,10),(62,10),(28,10),(46,10),(205,1),(494,1),(687,1),(807,1),(1041,1),(342,1),(434,1),(813,1),(703,1),(343,1),(659,1),(848,1),(363,1),(1028,1),(1073,1),(283,1),(892,1),(567,1),(331,1),(430,1),(225,1),(47,1),(544,1),(1083,1),(650,1),(273,1),(434,11),(333,11),(82,11),(1049,11),(370,11),(906,11),(241,11),(121,11),(349,11),(232,11),(830,11),(928,11),(1024,11),(1097,11),(976,11),(785,11),(217,11),(924,11),(634,11),(763,11),(238,11),(143,12),(200,12),(1083,12),(835,12),(155,12),(656,12),(201,12),(6,12),(329,12),(261,12),(751,12),(604,12),(117,12),(478,12),(678,12),(96,12),(793,12),(917,12),(1075,12),(202,12),(185,12),(14,12),(687,12),(280,12),(1056,12),(727,12),(419,12),(583,12),(154,12),(761,12),(61,13),(588,13),(70,13),(674,13),(1057,13),(881,13),(601,13),(1065,13),(1092,13),(733,13),(301,13),(90,13),(24,13),(1014,13),(716,13),(479,13),(309,13),(1087,13),(799,13),(772,13),(206,13),(351,13),(840,13),(395,13),(872,13),(161,13),(678,13),(50,13),(533,13),(208,13),(842,14),(1047,14),(542,14),(746,14),(632,14),(859,14),(1064,14),(861,14),(64,14),(62,14),(826,14),(588,14),(115,14),(681,14),(94,14),(14,14),(395,14),(851,14),(731,14),(959,14),(550,14),(1045,14),(402,14),(111,14),(33,14),(287,14),(47,14),(12,14),(45,14),(621,14),(435,15),(72,15),(983,15),(808,15),(598,15),(71,15),(10,15),(995,15),(494,15),(1080,15),(244,15),(307,15),(537,15),(654,15),(217,15),(878,15),(489,15),(1064,15),(734,15),(399,15),(453,15),(782,15),(862,15),(656,15),(207,15),(623,15),(1096,15),(386,15),(425,15),(52,15),(241,16),(1041,16),(270,16),(536,16),(441,16),(309,16),(208,16),(501,16),(609,16),(891,16),(756,16),(885,16),(546,16),(175,16),(780,16),(803,16),(736,16),(126,16),(163,16),(156,16),(812,16),(242,16),(450,16),(667,16),(539,16),(77,16),(1021,16),(837,16),(174,16),(319,16),(209,17),(551,17),(525,17),(170,17),(266,17),(154,17),(750,17),(774,17),(731,17),(298,17),(61,17),(235,17),(102,17),(286,17),(361,17),(404,17),(728,17),(488,17),(379,17),(1071,17),(833,17),(37,17),(663,17),(701,17),(275,17),(870,17),(60,17),(160,17),(1059,17),(382,17),(47,19),(186,19),(469,19),(714,19),(782,19),(148,19),(195,19),(303,19),(968,19),(735,19),(319,19),(52,19),(951,19),(1066,19),(769,19),(650,19),(515,19),(202,19),(629,19),(388,19),(132,19),(809,19),(45,19),(807,19),(165,19),(775,19),(217,19),(508,19),(82,19),(662,19),(819,3),(370,3),(933,3),(273,3),(599,3),(367,3),(187,3),(236,3),(128,3),(793,3),(764,3),(913,3),(744,3),(465,3),(895,3),(1067,3),(214,3),(1098,3),(176,3),(725,3),(299,3),(378,3),(640,3),(418,3),(710,3),(891,3),(1070,3),(984,3),(152,3),(1003,3),(979,3),(106,3),(184,3),(749,3),(300,3),(341,3),(94,3),(955,3),(467,3),(996,3),(165,3),(779,3),(661,3),(122,3),(711,3),(729,3),(575,3),(298,3),(818,3),(1087,3),(900,3),(973,3),(951,3),(633,3),(177,3),(151,3),(265,3),(346,3),(422,3),(161,3),(1082,3),(670,3),(1092,3),(846,3),(1013,3),(673,3),(528,3),(831,3),(835,3),(417,3),(326,3),(1034,3),(388,3),(226,3),(914,3),(207,3),(282,3),(36,3),(568,3),(1021,3),(567,3),(169,3),(493,3),(531,3),(582,8),(380,8),(28,8),(646,8),(1019,8),(720,8),(919,8),(26,8),(498,8),(155,8),(973,8),(932,8),(642,8),(59,8),(589,8),(46,8),(483,8),(193,8),(282,8),(153,8),(669,8),(984,8),(1,8),(1005,8),(391,8),(191,8),(92,8),(488,8),(1017,8),(345,8),(856,8),(478,8),(896,8),(492,8),(285,8),(1027,8),(22,8),(419,8),(590,8),(636,8),(568,8),(742,8),(556,8),(640,8),(300,8),(735,8),(278,8),(905,8),(711,8),(664,8),(854,8),(348,8),(1014,8),(302,8),(628,8),(19,8),(602,8),(527,8),(507,8),(621,8),(821,8),(746,8),(255,8),(981,8),(779,8),(851,8),(123,8),(230,8),(469,8),(828,8),(438,8),(798,8),(713,8),(116,8),(858,8);
/*!40000 ALTER TABLE `inscripcion` ENABLE KEYS */;
UNLOCK TABLES;

--
-- Table structure for table `laboratorio`
--

DROP TABLE IF EXISTS `laboratorio`;
/*!40101 SET @saved_cs_client     = @@character_set_client */;
/*!50503 SET character_set_client = utf8mb4 */;
CREATE TABLE `laboratorio` (
  `cant_pc` int NOT NULL,
  `cant_silla` int NOT NULL,
  `id_laboratorio` int NOT NULL,
  PRIMARY KEY (`id_laboratorio`),
  CONSTRAINT `FKi96lmnhw3pnhfe1k1l8bycb8q` FOREIGN KEY (`id_laboratorio`) REFERENCES `aula` (`id`)
) ENGINE=InnoDB DEFAULT CHARSET=utf8mb4 COLLATE=utf8mb4_0900_ai_ci;
/*!40101 SET character_set_client = @saved_cs_client */;

--
-- Dumping data for table `laboratorio`
--

LOCK TABLES `laboratorio` WRITE;
/*!40000 ALTER TABLE `laboratorio` DISABLE KEYS */;
INSERT INTO `laboratorio` VALUES (40,40,12),(40,40,13),(30,30,22),(30,30,23);
/*!40000 ALTER TABLE `laboratorio` ENABLE KEYS */;
UNLOCK TABLES;

--
-- Table structure for table `materia`
--

DROP TABLE IF EXISTS `materia`;
/*!40101 SET @saved_cs_client     = @@character_set_client */;
/*!50503 SET character_set_client = utf8mb4 */;
CREATE TABLE `materia` (
  `id` int NOT NULL AUTO_INCREMENT,
  `cod_materia` int NOT NULL,
  `docente` varchar(255) DEFAULT NULL,
  `materia` varchar(255) NOT NULL,
  `tipo_aula` varchar(255) DEFAULT NULL,
  `tipo_com` varchar(255) DEFAULT NULL,
  `turno` varchar(255) DEFAULT NULL,
  `carrera_id` int DEFAULT NULL,
  PRIMARY KEY (`id`),
  KEY `FKgo5fa3d1ofx15gh7px1y3du3e` (`carrera_id`),
  CONSTRAINT `FKgo5fa3d1ofx15gh7px1y3du3e` FOREIGN KEY (`carrera_id`) REFERENCES `carrera` (`id`)
) ENGINE=InnoDB AUTO_INCREMENT=20 DEFAULT CHARSET=utf8mb4 COLLATE=utf8mb4_0900_ai_ci;
/*!40101 SET character_set_client = @saved_cs_client */;

--
-- Dumping data for table `materia`
--

LOCK TABLES `materia` WRITE;
/*!40000 ALTER TABLE `materia` DISABLE KEYS */;
INSERT INTO `materia` VALUES (1,8600,'Jorge Golfieri','Programación de Computadoras','laboratorio','Presencial sin Soporte a la Presencialidad','TT',1),(2,8601,'Roberto Garcia','Organización de Computadoras','tradicional','Presencial sin Soporte a la Presencialidad','TM',1),(3,8603,'Luis Millan','Matemática 1','tradicional','Presencial sin Soporte a la Presencialidad','TN',1),(4,8604,'Laura Loidi','Matemática 2','tradicional','Presencial sin Soporte a la Presencialidad','TT',1),(5,8607,'Leando Rios','Ingeniería de Software 1 ','tradicional','Presencial sin Soporte a la Presencialidad','TM',1),(6,8608,'Nicolás Pérez','Introducción a las Bases de Datos','tradicional','Presencial sin Soporte a la Presencialidad','TN',1),(7,8609,'Nicolás Pérez','Algoritmos y Estructuras de Datos','laboratorio','Presencial sin Soporte a la Presencialidad','TM',1),(8,8613,'Edgardo Di Dio','Mátematica 3','tradicional','Presencial sin Soporte a la Presencialidad','TN',1),(9,8614,'Nicolás Pérez ','Programación Concurrente','tradicional','Presencial sin Soporte a la Presencialidad','TN',1),(10,8615,'Eduardo Diez','Ingenieria de Software 2','tradicional','Presencial sin Soporte a la Presencialidad','TM',1),(11,8616,'Gustavo Siciliano','Orientación a Objetos 2','laboratorio','Presencial sin Soporte a la Presencialidad','TN',1),(12,8619,'Damian Santos','Proyecto de Software','tradicional','Presencial sin Soporte a la Presencialidad','TN',1),(13,8622,'Diego Azcurra','Redes y Comunicaciones','tradicional','Presencial sin Soporte a la Presencialidad','TN',1),(14,8623,'Nicolás Pérez','Ingenieria de Software 3','tradicional','Presencial sin Soporte a la Presencialidad','TN',1),(15,8624,'Federico Ribeiro','Base de Datos 2','tradicional','Presencial sin Soporte a la Presencialidad','TN',1),(16,8626,'Pablo Pytel','Sistemas Operativos','tradicional','Presencial sin Soporte a la Presencialidad','TM',1),(17,8628,'Gabriela Parodi','Política y Gestión de la Ciencia','tradicional','Presencial sin Soporte a la Presencialidad','TN',1),(19,8624,'Laura Loidi','Seminario de Trabajo Final','tradicional','Presencial sin Soporte a la Presencialidad','TN',1);
/*!40000 ALTER TABLE `materia` ENABLE KEYS */;
UNLOCK TABLES;

--
-- Table structure for table `perfil`
--

DROP TABLE IF EXISTS `perfil`;
/*!40101 SET @saved_cs_client     = @@character_set_client */;
/*!50503 SET character_set_client = utf8mb4 */;
CREATE TABLE `perfil` (
  `id_perfil` int NOT NULL AUTO_INCREMENT,
  `habilitado` bit(1) NOT NULL,
  `nombre` varchar(50) NOT NULL,
  PRIMARY KEY (`id_perfil`),
  UNIQUE KEY `UK_3b0dloqo94v7r6tjahpid9hc3` (`nombre`)
) ENGINE=InnoDB AUTO_INCREMENT=3 DEFAULT CHARSET=utf8mb4 COLLATE=utf8mb4_0900_ai_ci;
/*!40101 SET character_set_client = @saved_cs_client */;

--
-- Dumping data for table `perfil`
--

LOCK TABLES `perfil` WRITE;
/*!40000 ALTER TABLE `perfil` DISABLE KEYS */;
INSERT INTO `perfil` VALUES (1,_binary '','PERFIL_ADMIN'),(2,_binary '','PERFIL_ESTUDIANTE');
/*!40000 ALTER TABLE `perfil` ENABLE KEYS */;
UNLOCK TABLES;

--
-- Table structure for table `profesor`
--

DROP TABLE IF EXISTS `profesor`;
/*!40101 SET @saved_cs_client     = @@character_set_client */;
/*!50503 SET character_set_client = utf8mb4 */;
CREATE TABLE `profesor` (
  `id` int NOT NULL AUTO_INCREMENT,
  `apellido` varchar(255) NOT NULL,
  `documento` bigint DEFAULT NULL,
  `nombre` varchar(255) NOT NULL,
  `tipo_doc` varchar(255) DEFAULT NULL,
  PRIMARY KEY (`id`),
  UNIQUE KEY `UK_qborg2cwxca3wehpwju2fiyd3` (`documento`)
) ENGINE=InnoDB DEFAULT CHARSET=utf8mb4 COLLATE=utf8mb4_0900_ai_ci;
/*!40101 SET character_set_client = @saved_cs_client */;

--
-- Dumping data for table `profesor`
--

LOCK TABLES `profesor` WRITE;
/*!40000 ALTER TABLE `profesor` DISABLE KEYS */;
/*!40000 ALTER TABLE `profesor` ENABLE KEYS */;
UNLOCK TABLES;

--
-- Table structure for table `tradicional`
--

DROP TABLE IF EXISTS `tradicional`;
/*!40101 SET @saved_cs_client     = @@character_set_client */;
/*!50503 SET character_set_client = utf8mb4 */;
CREATE TABLE `tradicional` (
  `cant_banco` int NOT NULL,
  `pizarron` varchar(255) NOT NULL,
  `tiene_proyector` bit(1) DEFAULT NULL,
  `id_tradicional` int NOT NULL,
  PRIMARY KEY (`id_tradicional`),
  CONSTRAINT `FKsc7tn73nkltpta3evxjrd35sj` FOREIGN KEY (`id_tradicional`) REFERENCES `aula` (`id`)
) ENGINE=InnoDB DEFAULT CHARSET=utf8mb4 COLLATE=utf8mb4_0900_ai_ci;
/*!40101 SET character_set_client = @saved_cs_client */;

--
-- Dumping data for table `tradicional`
--

LOCK TABLES `tradicional` WRITE;
/*!40000 ALTER TABLE `tradicional` DISABLE KEYS */;
INSERT INTO `tradicional` VALUES (70,'si',_binary '',1),(70,'si',_binary '\0',3),(70,'si',_binary '',4),(70,'si',_binary '',5),(70,'si',_binary '',6),(70,'si',_binary '',7),(70,'si',_binary '',8),(70,'si',_binary '',9),(70,'si',_binary '',10),(70,'si',_binary '',11),(50,'si',_binary '',14),(50,'si',_binary '',15),(50,'si',_binary '',16),(50,'si',_binary '',17),(50,'si',_binary '',18),(50,'si',_binary '',19),(50,'si',_binary '',20),(50,'si',_binary '',21);
/*!40000 ALTER TABLE `tradicional` ENABLE KEYS */;
UNLOCK TABLES;

--
-- Dumping events for database 'grupo3'
--

--
-- Dumping routines for database 'grupo3'
--
/*!40103 SET TIME_ZONE=@OLD_TIME_ZONE */;

/*!40101 SET SQL_MODE=@OLD_SQL_MODE */;
/*!40014 SET FOREIGN_KEY_CHECKS=@OLD_FOREIGN_KEY_CHECKS */;
/*!40014 SET UNIQUE_CHECKS=@OLD_UNIQUE_CHECKS */;
/*!40101 SET CHARACTER_SET_CLIENT=@OLD_CHARACTER_SET_CLIENT */;
/*!40101 SET CHARACTER_SET_RESULTS=@OLD_CHARACTER_SET_RESULTS */;
/*!40101 SET COLLATION_CONNECTION=@OLD_COLLATION_CONNECTION */;
/*!40111 SET SQL_NOTES=@OLD_SQL_NOTES */;

-- Dump completed on 2024-06-15 18:54:44
